id,venue,field,proposed,source,tier,decision_route,where_decided,wave,why
ChIJ7_PV980bdkgROekbwOVWVfo:activities.soft-play,Babylon Park London,activities.soft-play,Soft play areas for toddlers and kids on the mezzanine.,https://babylonpark.com/london/,reviewer,needs a person (trained reviewer),Reviewer pack card,3 later,"high impact: a wrong ""yes"" costs a family a wasted journey"
ChIJ7_PV980bdkgROekbwOVWVfo:activities.rides-arcade,Babylon Park London,activities.rides-arcade,"Indoor rides including bumper cars, a carousel and a kiddie wheel, plus hundreds of games and VR experiences. No minimum age; the rollercoaster and drop tower have a minimum height of 105cm.",https://babylonpark.com/london/,parked,not published; stays unknown in the app,No decision possible yet: NO HOME: a plain activity description has no claim type,none,nothing in the app can hold it yet
ChIJ7_PV980bdkgROekbwOVWVfo:pushchair.allowed,Babylon Park London,pushchair.allowed,Prams are allowed; a dedicated pram and buggy section on the second floor.,https://babylonpark.com/london/,parked,not published; stays unknown in the app,No decision possible yet: NO HOME: pushchair rules and storage have no claim type (only a terrain rating),none,nothing in the app can hold it yet
ChIJ7_PV980bdkgROekbwOVWVfo:toilets.toilets,Babylon Park London,toilets.toilets,Restrooms on the Mezzanine and Basement floors.,https://babylonpark.com/london/,grouped,needs a person (trained reviewer; group approval),Covered by the group approval after its sample is read,3 later,"low impact, every independent check passed, equivalent to others"
ChIJ7_PV980bdkgROekbwOVWVfo:transport.station,Babylon Park London,transport.station,Babylon Park is an 8 minute walk from Camden Road station.,https://babylonpark.com/london/,parked,not published; stays unknown in the app,"No decision possible yet: NO HOME: stations, buses, fees and entrances have no claim type",none,nothing in the app can hold it yet
ChIJ7_PV980bdkgROekbwOVWVfo:transport.parking,Babylon Park London,transport.parking,No dedicated parking; spaces can be found nearby.,https://babylonpark.com/london/,deferred,nothing to publish; production unchanged,No decision: production already serves this value from an active claim,none,production already serves this value from an active claim
ChIJ7_PV980bdkgROekbwOVWVfo:food.cafe,Babylon Park London,food.cafe,The Ovo & Neta restaurant on the Mezzanine floor serves a variety of food and drinks; vending machines are available throughout the park; outside food and drinks are not permitted.,https://babylonpark.com/london/,reviewer,needs a person (trained reviewer),Reviewer pack card,3 later,an independent check doubted it | narrowed to what its sentence supports
ChIJ7_PV980bdkgROekbwOVWVfo:food.outside-food,Babylon Park London,food.outside-food,Outside food and drinks are not permitted.,https://babylonpark.com/london/,parked,not published; stays unknown in the app,No decision possible yet: note only (good to know); no structured home,none,nothing in the app can hold it yet
ChIJ7_PV980bdkgROekbwOVWVfo:play.softplay,Babylon Park London,play.softplay,Soft play areas for toddlers and kids.,https://babylonpark.com/london/,parked,not published; stays unknown in the app,No decision possible yet: NO HOME: facility detail beyond the mapped facts has no claim type,none,nothing in the app can hold it yet
ChIJ7_PV980bdkgROekbwOVWVfo:access.wheelchair,Babylon Park London,access.wheelchair,Level entrance and a lift to the mezzanine and basement; some rides are not accessible.,https://babylonpark.com/london/,reviewer,needs a person (trained reviewer),Reviewer pack card,3 later,"high impact: a wrong ""yes"" costs a family a wasted journey | an independent check doubted it"
ChIJ7_PV980bdkgROekbwOVWVfo:opening.hours,Babylon Park London,opening.hours,"Monday to Friday 10am to 9pm, Saturday 10am to 10pm, Sunday 10am to 9pm.",https://babylonpark.com/london/,expert,needs a person (expert),Expert pack card,2 useful,an official-hours reading: it can contradict the provider's hours
ChIJ7_PV980bdkgROekbwOVWVfo:considerations.height,Babylon Park London,considerations.height,"No minimum age, but the rollercoaster and drop tower have a minimum height of 105cm.",https://babylonpark.com/london/,reviewer,needs a person (trained reviewer),Reviewer pack card,3 later,"a rule that informs (an area closure, a caution, a booking note): it cannot refuse a date or a household on its own | high impact: a wrong ""yes"" costs a family a wasted journey"
ChIJ7_PV980bdkgROekbwOVWVfo:considerations.duration,Babylon Park London,considerations.duration,Duration varies depending on the ticket purchased; the venue recommends allowing 2 hours.,https://babylonpark.com/london/,parked,not published; stays unknown in the app,No decision possible yet: NO HOME: practical rules and closures have no claim type,none,nothing in the app can hold it yet
ChIJOWBQvA4FdkgRQf5iYYFF1v4:activities.playground,Battersea Park,activities.playground,"A playground for 4 to 14 year olds (swings, slides, exercise stations, trapeze bars, an activity rocker). The page is titled ""toddlers and juniors"" but gives 4 to 14.",https://www.wandsworth.gov.uk/leisure-and-culture/parks-and-open-spaces/childrens-playgrounds/battersea-park-playground-for-toddlers-and-juniors/,reviewer,needs a person (trained reviewer),Reviewer pack card,3 later,"high impact: a wrong ""yes"" costs a family a wasted journey | an independent check doubted it"
ChIJOWBQvA4FdkgRQf5iYYFF1v4:activities.childrens-zoo,Battersea Park,activities.childrens-zoo,A children's zoo is listed among the park's features.,https://www.wandsworth.gov.uk/batterseapark,parked,not published; stays unknown in the app,No decision possible yet: NO HOME: a plain activity description has no claim type,none,nothing in the app can hold it yet
ChIJOWBQvA4FdkgRQf5iYYFF1v4:transport.entrances,Battersea Park,transport.entrances,"Pedestrian gates at Albert Bridge Road, Prince of Wales Drive and Queenstown Road.",https://www.wandsworth.gov.uk/batterseapark,parked,not published; stays unknown in the app,"No decision possible yet: NO HOME: stations, buses, fees and entrances have no claim type",none,nothing in the app can hold it yet
ChIJOWBQvA4FdkgRQf5iYYFF1v4:play.playground,Battersea Park,play.playground,An open-access playground.,https://www.wandsworth.gov.uk/leisure-and-culture/parks-and-open-spaces/childrens-playgrounds/battersea-park-playground-for-toddlers-and-juniors/,deferred,nothing to publish; production unchanged,No decision: production already serves this value from an active claim,none,production already serves this value from an active claim
ChIJOWBQvA4FdkgRQf5iYYFF1v4:opening.hours,Battersea Park,opening.hours,Opening times 8am until dusk; park gates open 6.30am to 10.30pm.,https://www.wandsworth.gov.uk/batterseapark,expert,needs a person (expert),Expert pack card,2 useful,an official-hours reading: it can contradict the provider's hours
ChIJOWBQvA4FdkgRQf5iYYFF1v4:considerations.cascades,Battersea Park,considerations.cascades,The historic waterfall is being restored with Lottery funding.,https://www.wandsworth.gov.uk/batterseapark,reviewer,needs a person (trained reviewer),Reviewer pack card,3 later,"a rule that informs (an area closure, a caution, a booking note): it cannot refuse a date or a household on its own | high impact: a wrong ""yes"" costs a family a wasted journey"
ChIJJ2CD1mEddkgRAuOi9iSzBrk:activities.baby-toddler-space,Discover Children's Story Centre,activities.baby-toddler-space,"A Baby and Toddler Sensory Story Space dedicated to 0-2 year olds, free with your Entry ticket; timed 45-minute sessions should be booked.",https://discover.org.uk/your-visit/faqs/,reviewer,needs a person (trained reviewer),Reviewer pack card,3 later,"high impact: a wrong ""yes"" costs a family a wasted journey | narrowed to what its sentence supports"
ChIJJ2CD1mEddkgRAuOi9iSzBrk:activities.baby-storytelling,Discover Children's Story Centre,activities.baby-storytelling,"Baby Storytelling for 0 to 2: 30 minutes every day, £2 on top of Entry.",https://www.discover.org.uk/,reviewer,needs a person (trained reviewer),Reviewer pack card,3 later,"high impact: a wrong ""yes"" costs a family a wasted journey"
ChIJJ2CD1mEddkgRAuOi9iSzBrk:activities.storytelling-0-5,Discover Children's Story Centre,activities.storytelling-0-5,"Storytelling for 0 to 5 (this season: Julian Is a Mermaid, until 18 October).",https://www.discover.org.uk/,reviewer,needs a person (trained reviewer),Reviewer pack card,3 later,"high impact: a wrong ""yes"" costs a family a wasted journey"
ChIJJ2CD1mEddkgRAuOi9iSzBrk:activities.story-worlds,Discover Children's Story Centre,activities.story-worlds,"Two floors of Story Worlds and a Story Garden for play and imagination, with Story Builders through the day. No age is given for the permanent worlds.",https://discover.org.uk/your-visit/faqs/,parked,not published; stays unknown in the app,No decision possible yet: NO HOME: a plain activity description has no claim type,none,nothing in the app can hold it yet
ChIJJ2CD1mEddkgRAuOi9iSzBrk:activities.exhibition-0-8,Discover Children's Story Centre,activities.exhibition-0-8,"Luna Loves London immersive exhibition, open now, age guide 0-8, duration 50 mins, every day at various times.",https://www.discover.org.uk/,reviewer,needs a person (trained reviewer),Reviewer pack card,3 later,"high impact: a wrong ""yes"" costs a family a wasted journey | narrowed to what its sentence supports"
ChIJJ2CD1mEddkgRAuOi9iSzBrk:pushchair.restriction,Discover Children's Story Centre,pushchair.restriction,Pushchairs and buggies are not allowed in any storytelling or play areas. Buggy parking on the ground floor; bring a sling for a smaller baby.,https://discover.org.uk/getting-here/,expert,needs a person (expert),Expert pack card,1 safety,a whole-venue closure or a restriction on the core visit: it can refuse a date or a household
ChIJJ2CD1mEddkgRAuOi9iSzBrk:pushchair.twins,Discover Children's Story Centre,pushchair.twins,"If a pushchair is needed (twins, a sleeping child), ask front of house; they will advise and accommodate where needed.",https://discover.org.uk/your-visit/faqs/,reviewer,needs a person (trained reviewer),Reviewer pack card,3 later,"a rule that informs (an area closure, a caution, a booking note): it cannot refuse a date or a household on its own | high impact: a wrong ""yes"" costs a family a wasted journey"
ChIJJ2CD1mEddkgRAuOi9iSzBrk:pushchair.storage,Discover Children's Story Centre,pushchair.storage,Buggy storage is available in the basement and/or garden; many spaces cannot have buggies in.,https://discover.org.uk/your-visit/faqs/,parked,not published; stays unknown in the app,No decision possible yet: NO HOME: pushchair rules and storage have no claim type (only a terrain rating),none,nothing in the app can hold it yet
ChIJJ2CD1mEddkgRAuOi9iSzBrk:toilets.toilets,Discover Children's Story Centre,toilets.toilets,Toilets on all main floors.,https://discover.org.uk/your-visit/faqs/,grouped,needs a person (trained reviewer; group approval),Reviewer pack card (read in the group sample),3 later,"low impact, every independent check passed, equivalent to others"
ChIJJ2CD1mEddkgRAuOi9iSzBrk:toilets.babyChanging,Discover Children's Story Centre,toilets.babyChanging,Toilets with baby changing facilities on all main floors.,https://discover.org.uk/your-visit/faqs/,merged,decided with its twin (same sentence),Decided with ChIJJ2CD1mEddkgRAuOi9iSzBrk:toilets.toilets,as its twin,the same sentence as ChIJJ2CD1mEddkgRAuOi9iSzBrk:toilets.toilets
ChIJJ2CD1mEddkgRAuOi9iSzBrk:toilets.accessibleToilet,Discover Children's Story Centre,toilets.accessibleToilet,Wheelchair accessible toilets; no Changing Places toilet.,https://discover.org.uk/your-visit/faqs/,reviewer,needs a person (trained reviewer),Reviewer pack card,3 later,an independent check doubted it
ChIJJ2CD1mEddkgRAuOi9iSzBrk:transport.station,Discover Children's Story Centre,transport.station,One minute from Stratford High Street DLR station. Many bus routes.,https://discover.org.uk/getting-here/,parked,not published; stays unknown in the app,"No decision possible yet: NO HOME: stations, buses, fees and entrances have no claim type",none,nothing in the app can hold it yet
ChIJJ2CD1mEddkgRAuOi9iSzBrk:transport.parking,Discover Children's Story Centre,transport.parking,No parking on site; Stratford multi-storey car park is a 5 minute walk. Blue Badge bays nearby.,https://discover.org.uk/getting-here/,reviewer,needs a person (trained reviewer),Reviewer pack card,3 later,"high impact: a wrong ""yes"" costs a family a wasted journey | a ""no"" can hide a venue"
ChIJJ2CD1mEddkgRAuOi9iSzBrk:considerations.stale-step-free-notice,Discover Children's Story Centre,considerations.stale-step-free-notice,"The page says there is no step-free access at Stratford High Street station ""until July 2025"" - a date already past.",https://discover.org.uk/getting-here/,parked,not published; stays unknown in the app,No decision possible yet: NO HOME: practical rules and closures have no claim type,none,nothing in the app can hold it yet
ChIJJ2CD1mEddkgRAuOi9iSzBrk:food.cafe,Discover Children's Story Centre,food.cafe,A café on the ground floor; on busier days a coffee-and-snack shack in the garden is open.,https://discover.org.uk/your-visit/faqs/,deferred,nothing to publish; production unchanged,No decision: production already serves this value from an active claim,none,production already serves this value from an active claim
ChIJJ2CD1mEddkgRAuOi9iSzBrk:access.wheelchair,Discover Children's Story Centre,access.wheelchair,Lifts to all floors; staff can help.,https://discover.org.uk/your-visit/faqs/,reviewer,needs a person (trained reviewer),Reviewer pack card,3 later,"high impact: a wrong ""yes"" costs a family a wasted journey"
ChIJJ2CD1mEddkgRAuOi9iSzBrk:access.sensory,Discover Children's Story Centre,access.sensory,Sensory-adapted and BSL events; children with SEN and other additional needs are welcome on any day.,https://discover.org.uk/your-visit/faqs/,reviewer,needs a person (trained reviewer),Reviewer pack card,3 later,"high impact: a wrong ""yes"" costs a family a wasted journey"
ChIJJ2CD1mEddkgRAuOi9iSzBrk:access.saturday-club,Discover Children's Story Centre,access.saturday-club,"Mighty Mega, a free Saturday-morning club (2 hours) for disabled children and children with SEN, age guide 5 to 11.",https://www.discover.org.uk/,parked,not published; stays unknown in the app,No decision possible yet: NO HOME: accessibility detail beyond wheelchair and sensory has no claim type,none,nothing in the app can hold it yet
ChIJJ2CD1mEddkgRAuOi9iSzBrk:opening.hours,Discover Children's Story Centre,opening.hours,"Open every day 10am to 5pm (closed 24, 25, 26, 31 December and 1 January).",https://discover.org.uk/your-visit/,expert,needs a person (expert),Expert pack card,1 safety,a whole-venue closure or a restriction on the core visit: it can refuse a date or a household | an official-hours reading: it can contradict the provider's hours
ChIJJ2CD1mEddkgRAuOi9iSzBrk:pricing.paid,Discover Children's Story Centre,pricing.paid,"Day Entry is £10 (adult or child), £9 for Newham residents and concessions. Whether babies and toddlers pay is not stated.",https://discover.org.uk/your-visit,expert,needs a person (expert),Expert pack card,2 useful,a price or entry fact in front of a parent
ChIJJ2CD1mEddkgRAuOi9iSzBrk:pricing.under1,Discover Children's Story Centre,pricing.under1,The Annual Entry tickets page says 0-1 year olds receive free tickets.,https://discover.org.uk/your-visit/about-annual-entry-tickets/,expert,needs a person (expert),Expert pack card,2 useful,"two sources disagree, or it was carried from an earlier reading | a price or entry fact in front of a parent"
ChIJJ2CD1mEddkgRAuOi9iSzBrk:pricing.addons,Discover Children's Story Centre,pricing.addons,"Add-on storytelling, exhibitions and other tickets cost £3 to £5.50.",https://discover.org.uk/your-visit/,expert,needs a person (expert),Expert pack card,2 useful,a price or entry fact in front of a parent
ChIJJ2CD1mEddkgRAuOi9iSzBrk:considerations.booking,Discover Children's Story Centre,considerations.booking,Advance booking is recommended; entry can reach capacity on busy days.,https://discover.org.uk/your-visit/faqs/,reviewer,needs a person (trained reviewer),Reviewer pack card,3 later,"a rule that informs (an area closure, a caution, a booking note): it cannot refuse a date or a household on its own | high impact: a wrong ""yes"" costs a family a wasted journey"
ChIJrcFVE-YNdkgRJQPxAxaTnMY:activities.park-museum-lake,Gunnersbury Park,activities.park-museum-lake,A park with a museum and boating on the lake.,https://www.visitgunnersbury.org/,parked,not published; stays unknown in the app,No decision possible yet: NO HOME: a plain activity description has no claim type,none,nothing in the app can hold it yet
ChIJrcFVE-YNdkgRJQPxAxaTnMY:pushchair.terrain,Gunnersbury Park,pushchair.terrain,"A network of tarmac paths; because the park is a natural environment, paths may be uneven in places.",https://www.visitgunnersbury.org/plan-your-visit,parked,not published; stays unknown in the app,No decision possible yet: note only (good to know); no structured home,none,nothing in the app can hold it yet
ChIJrcFVE-YNdkgRJQPxAxaTnMY:toilets.toilets,Gunnersbury Park,toilets.toilets,"A park toilet block near the museum, and a toilet in the museum.",https://www.visitgunnersbury.org/plan-your-visit,deferred,nothing to publish; production unchanged,No decision: production already serves this value from an active claim,none,production already serves this value from an active claim
ChIJrcFVE-YNdkgRJQPxAxaTnMY:toilets.accessibleToilet,Gunnersbury Park,toilets.accessibleToilet,"There is an accessible toilet in the museum and another in the park toilet block, which is near the museum.",https://www.visitgunnersbury.org/plan-your-visit,deferred,nothing to publish; production unchanged,No decision: production already serves this value from an active claim,none,production already serves this value from an active claim
ChIJrcFVE-YNdkgRJQPxAxaTnMY:transport.station,Gunnersbury Park,transport.station,"Ten minutes' walk from Acton Town (Piccadilly, District) or South Ealing; Kew Bridge rail; E3, 65 and H91 buses.",https://www.visitgunnersbury.org/plan-your-visit,parked,not published; stays unknown in the app,"No decision possible yet: NO HOME: stations, buses, fees and entrances have no claim type",none,nothing in the app can hold it yet
ChIJrcFVE-YNdkgRJQPxAxaTnMY:transport.parking,Gunnersbury Park,transport.parking,"Two car parks. Up to 30 minutes free if you register on the RingGo app or the machine (you cannot register for another free half hour for 2 hours after leaving); 30 minutes to 1 hour £1; longer than an hour £1 per hour. Charges apply at all times, including bank holidays. Blue Badge parking is free.",https://www.visitgunnersbury.org/plan-your-visit,deferred,nothing to publish; production unchanged,No decision: production already serves this value from an active claim,none,production already serves this value from an active claim
ChIJrcFVE-YNdkgRJQPxAxaTnMY:transport.blueBadge,Gunnersbury Park,transport.blueBadge,Free designated disabled parking in both car parks.,https://www.visitgunnersbury.org/plan-your-visit,grouped,needs a person (trained reviewer; group approval),Reviewer pack card (read in the group sample),3 later,"low impact, every independent check passed, equivalent to others"
ChIJrcFVE-YNdkgRJQPxAxaTnMY:food.cafe,Gunnersbury Park,food.cafe,"The park café: weekdays 7am to 5pm, weekends 7am to 6pm.",https://www.visitgunnersbury.org/plan-your-visit,deferred,nothing to publish; production unchanged,No decision: production already serves this value from an active claim,none,production already serves this value from an active claim
ChIJrcFVE-YNdkgRJQPxAxaTnMY:access.wheelchair,Gunnersbury Park,access.wheelchair,"The museum lift serves all galleries and suits wheelchairs, including small motorised ones.",https://www.visitgunnersbury.org/plan-your-visit,reviewer,needs a person (trained reviewer),Reviewer pack card,3 later,"high impact: a wrong ""yes"" costs a family a wasted journey"
ChIJrcFVE-YNdkgRJQPxAxaTnMY:access.stepFree,Gunnersbury Park,access.stepFree,Step-free access throughout the museum (some ramps and slopes); lift access to the first and second floors (all museum levels); a wheelchair to borrow on request.,https://www.visitgunnersbury.org/museum/accessibility,parked,not published; stays unknown in the app,No decision possible yet: NO HOME: accessibility detail beyond wheelchair and sensory has no claim type,none,nothing in the app can hold it yet
ChIJrcFVE-YNdkgRJQPxAxaTnMY:access.relaxed,Gunnersbury Park,access.relaxed,Relaxed sessions every half term; quieter times are typically weekdays 2pm to 4pm and weekends 10am to 12pm.,https://www.visitgunnersbury.org/museum/accessibility,reviewer,needs a person (trained reviewer),Reviewer pack card,3 later,"high impact: a wrong ""yes"" costs a family a wasted journey"
ChIJrcFVE-YNdkgRJQPxAxaTnMY:opening.hours,Gunnersbury Park,opening.hours,Park open daily from 7am until dusk; museum Tuesday to Sunday 10am to 4.30pm (closed Mondays).,https://www.visitgunnersbury.org/plan-your-visit,expert,needs a person (expert),Expert pack card,1 safety,an official-hours reading: it can contradict the provider's hours
ChIJrcFVE-YNdkgRJQPxAxaTnMY:pricing.free,Gunnersbury Park,pricing.free,"The museum and park are free to enter; the car park has usage fees, though parking for blue badge holders in the designated disabled bays is free.",https://www.visitgunnersbury.org/plan-your-visit,expert,needs a person (expert),Expert pack card,2 useful,a price or entry fact in front of a parent
ChIJrcFVE-YNdkgRJQPxAxaTnMY:considerations.dogs,Gunnersbury Park,considerations.dogs,No dogs in the museum except assistance dogs.,https://www.visitgunnersbury.org/plan-your-visit,reviewer,needs a person (trained reviewer),Reviewer pack card,3 later,"a rule that informs (an area closure, a caution, a booking note): it cannot refuse a date or a household on its own | high impact: a wrong ""yes"" costs a family a wasted journey"
ChIJSzwgydoDdkgRndnXVYQGXBI:activities.kusuma-nature-play,Horniman Museum and Gardens,activities.kusuma-nature-play,The Gardens Cafe is located next to the Kusuma Nature Play Area at the bottom of the Meadow Field.,https://www.horniman.ac.uk/plan-your-visit/food-drink/,parked,not published; stays unknown in the app,No decision possible yet: NO HOME: a plain activity description has no claim type,none,nothing in the app can hold it yet
ChIJSzwgydoDdkgRndnXVYQGXBI:activities.animal-walk,Horniman Museum and Gardens,activities.animal-walk,An Animal Walk and a Nature Trail in the gardens (the Butterfly House and Animal Walk can close at short notice in high temperatures).,https://www.horniman.ac.uk/plan-your-visit/,parked,not published; stays unknown in the app,No decision possible yet: NO HOME: a plain activity description has no claim type,none,nothing in the app can hold it yet
ChIJSzwgydoDdkgRndnXVYQGXBI:pushchair.storage,Horniman Museum and Gardens,pushchair.storage,"Buggy parking in Gallery Square, inside the main gate to the Kusuma Nature Play Area and next to the Butterfly House.",https://www.horniman.ac.uk/plan-your-visit/,parked,not published; stays unknown in the app,No decision possible yet: note only (good to know); no structured home,none,nothing in the app can hold it yet
ChIJSzwgydoDdkgRndnXVYQGXBI:toilets.babyChanging,Horniman Museum and Gardens,toilets.babyChanging,"Baby changing in the Gallery Square toilets, near the Bandstand and by the Kusuma Nature Play Area.",https://www.horniman.ac.uk/plan-your-visit/,deferred,nothing to publish; production unchanged,No decision: production already serves this value from an active claim,none,production already serves this value from an active claim
ChIJSzwgydoDdkgRndnXVYQGXBI:toilets.toilets,Horniman Museum and Gardens,toilets.toilets,"Toilets off Gallery Square (downstairs), in the gardens near the Bandstand, and by the Kusuma Nature Play Area.",https://www.horniman.ac.uk/plan-your-visit/,deferred,nothing to publish; production unchanged,No decision: production already serves this value from an active claim,none,production already serves this value from an active claim
ChIJSzwgydoDdkgRndnXVYQGXBI:toilets.accessibleToilet,Horniman Museum and Gardens,toilets.accessibleToilet,"There are inclusive toilets in the Museum, Gardens and Café; the Museum does not provide hoists or adult changing facilities.",https://www.horniman.ac.uk/plan-your-visit/,deferred,nothing to publish; production unchanged,No decision: production already serves this value from an active claim,none,production already serves this value from an active claim
ChIJSzwgydoDdkgRndnXVYQGXBI:toilets.babyFeeding,Horniman Museum and Gardens,toilets.babyFeeding,A breastfeeding room off Gallery Square; breastfeeding is welcome everywhere.,https://www.horniman.ac.uk/plan-your-visit/,parked,not published; stays unknown in the app,No decision possible yet: NO HOME: facility detail beyond the mapped facts has no claim type,none,nothing in the app can hold it yet
ChIJSzwgydoDdkgRndnXVYQGXBI:transport.station,Horniman Museum and Gardens,transport.station,"A five to ten minute walk from Forest Hill station, with local buses.",https://www.horniman.ac.uk/plan-your-visit/,parked,not published; stays unknown in the app,"No decision possible yet: NO HOME: stations, buses, fees and entrances have no claim type",none,nothing in the app can hold it yet
ChIJSzwgydoDdkgRndnXVYQGXBI:transport.parking,Horniman Museum and Gardens,transport.parking,No on-site parking except limited Blue Badge parking.,https://www.horniman.ac.uk/plan-your-visit/,reviewer,needs a person (trained reviewer),Reviewer pack card,3 later,"high impact: a wrong ""yes"" costs a family a wasted journey | a ""no"" can hide a venue"
ChIJSzwgydoDdkgRndnXVYQGXBI:food.cafe,Horniman Museum and Gardens,food.cafe,The Horniman Cafe is open 9am to 5pm daily.,https://www.horniman.ac.uk/plan-your-visit/food-drink/,deferred,nothing to publish; production unchanged,No decision: production already serves this value from an active claim,none,production already serves this value from an active claim
ChIJSzwgydoDdkgRndnXVYQGXBI:food.picnic,Horniman Museum and Gardens,food.picnic,Picnic tables on the Bandstand Terrace and by the nature play area; the Dutch Barn for rainy days.,https://www.horniman.ac.uk/plan-your-visit/food-drink/,grouped,needs a person (trained reviewer; group approval),Reviewer pack card (read alone),3 later,"low impact, every independent check passed, equivalent to others"
ChIJSzwgydoDdkgRndnXVYQGXBI:play.natureplay,Horniman Museum and Gardens,play.natureplay,Kusuma Nature Play Area.,https://www.horniman.ac.uk/plan-your-visit/food-drink/,merged,decided with its twin (same sentence),Decided with ChIJSzwgydoDdkgRndnXVYQGXBI:activities.kusuma-nature-play,as its twin,the same sentence as ChIJSzwgydoDdkgRndnXVYQGXBI:activities.kusuma-nature-play
ChIJSzwgydoDdkgRndnXVYQGXBI:access.wheelchair,Horniman Museum and Gardens,access.wheelchair,"The museum and gardens are wheelchair friendly, with accessible toilets.",https://www.horniman.ac.uk/plan-your-visit/,reviewer,needs a person (trained reviewer),Reviewer pack card,3 later,"high impact: a wrong ""yes"" costs a family a wasted journey"
ChIJSzwgydoDdkgRndnXVYQGXBI:access.steep-paths,Horniman Museum and Gardens,access.steep-paths,"Some garden paths are very steep, and the Nature Trail is uneven and can be muddy.",https://www.horniman.ac.uk/plan-your-visit/,expert,needs a person (expert),Expert pack card,2 useful,"a ""no"" on access can take a venue out of a household's day"
ChIJSzwgydoDdkgRndnXVYQGXBI:opening.hours,Horniman Museum and Gardens,opening.hours,Museum open daily 10am to 5.30pm; gardens from 7.15am (8am Sundays and bank holidays) to 6.30pm.,https://www.horniman.ac.uk/plan-your-visit/,expert,needs a person (expert),Expert pack card,2 useful,an official-hours reading: it can contradict the provider's hours
ChIJSzwgydoDdkgRndnXVYQGXBI:opening.closure-natural-history,Horniman Museum and Gardens,opening.closure-natural-history,The Natural History Gallery is closed for refurbishment.,https://www.horniman.ac.uk/,reviewer,needs a person (trained reviewer),Reviewer pack card,3 later,"a rule that informs (an area closure, a caution, a booking note): it cannot refuse a date or a household on its own | high impact: a wrong ""yes"" costs a family a wasted journey"
ChIJSzwgydoDdkgRndnXVYQGXBI:opening.closure,Horniman Museum and Gardens,opening.closure,The Nature Gallery and Nature Discovery Den will be closed until 5 February 2027 for the Nature + Love project.,https://www.horniman.ac.uk/plan-your-visit/,reviewer,needs a person (trained reviewer),Reviewer pack card,3 later,"a rule that informs (an area closure, a caution, a booking note): it cannot refuse a date or a household on its own | high impact: a wrong ""yes"" costs a family a wasted journey | narrowed to what its sentence supports"
ChIJSzwgydoDdkgRndnXVYQGXBI:pricing.free,Horniman Museum and Gardens,pricing.free,"The museum and gardens are free; the Aquarium, Butterfly House, Voyage to the Deep and some events are charged.",https://www.horniman.ac.uk/plan-your-visit/,expert,needs a person (expert),Expert pack card,2 useful,a price or entry fact in front of a parent
ChIJSzwgydoDdkgRndnXVYQGXBI:pricing.paidAttractions,Horniman Museum and Gardens,pricing.paidAttractions,Aquarium £2 to £16.80 and Butterfly House £2 to £28.60; children under 3 may visit free of charge but must book into a timeslot.,https://www.horniman.ac.uk/plan-your-visit/,expert,needs a person (expert),Expert pack card,2 useful,a price or entry fact in front of a parent
ChIJSzwgydoDdkgRndnXVYQGXBI:considerations.busy-cafe,Horniman Museum and Gardens,considerations.busy-cafe,"The café is very busy between 11.30am and 2.30pm, especially at weekends and in school holidays.",https://www.horniman.ac.uk/plan-your-visit/food-drink/,reviewer,needs a person (trained reviewer),Reviewer pack card,3 later,"a rule that informs (an area closure, a caution, a booking note): it cannot refuse a date or a household on its own | high impact: a wrong ""yes"" costs a family a wasted journey"
ChIJV_iXMtcadkgRqBI84CY_crE:activities.zootown,London Zoo,activities.zootown,ZooTown is an indoor role-play adventure aimed at children aged up to 8; tickets must be booked online in advance; Silver members and non-members pay £1 per child.,https://www.londonzoo.org/plan-your-visit/frequently-asked-questions,reviewer,needs a person (trained reviewer),Reviewer pack card,3 later,"high impact: a wrong ""yes"" costs a family a wasted journey | narrowed to what its sentence supports"
ChIJV_iXMtcadkgRqBI84CY_crE:activities.animal-talks,London Zoo,activities.animal-talks,"Daily animal talks, plus a schedule of upcoming events (no age given).",https://www.londonzoo.org/plan-your-visit,parked,not published; stays unknown in the app,No decision possible yet: NO HOME: a plain activity description has no claim type,none,nothing in the app can hold it yet
ChIJV_iXMtcadkgRqBI84CY_crE:pushchair.hire,London Zoo,pushchair.hire,"Pushchairs to hire from the gift shop: single £10, double £15, plus a £15 refundable deposit (card only).",https://www.londonzoo.org/plan-your-visit/frequently-asked-questions,parked,not published; stays unknown in the app,No decision possible yet: note only (good to know); no structured home,none,nothing in the app can hold it yet
ChIJV_iXMtcadkgRqBI84CY_crE:toilets.accessibleToilet,London Zoo,toilets.accessibleToilet,The zoo has a Changing Places toilet and a number of accessible toilets around the Zoo.,https://www.londonzoo.org/plan-your-visit/accessibility,reviewer,needs a person (trained reviewer),Reviewer pack card,3 later,narrowed to what its sentence supports
ChIJV_iXMtcadkgRqBI84CY_crE:toilets.toilets,London Zoo,toilets.toilets,"Accessible toilets around the zoo: opposite Tiny Giants, next to the Reptile House, near the main entrance next to the African Aviary, and at The Terrace Restaurant.",https://www.londonzoo.org/plan-your-visit/accessibility,grouped,needs a person (trained reviewer; group approval),Reviewer pack card (read in the group sample),3 later,"low impact, every independent check passed, equivalent to others"
ChIJV_iXMtcadkgRqBI84CY_crE:toilets.babyFeeding,London Zoo,toilets.babyFeeding,A breastfeeding room and quiet areas; feeding is welcome everywhere.,https://www.londonzoo.org/plan-your-visit/accessibility,parked,not published; stays unknown in the app,No decision possible yet: NO HOME: facility detail beyond the mapped facts has no claim type,none,nothing in the app can hold it yet
ChIJV_iXMtcadkgRqBI84CY_crE:transport.station,London Zoo,transport.station,"Camden Town (Northern line) is the nearest Tube: a 16 minute, 0.8 mile walk. Regent's Park (24 minutes) and the 274 and 88 buses also serve it.",https://www.londonzoo.org/plan-your-visit/how-to-get-to-london-zoo,parked,not published; stays unknown in the app,"No decision possible yet: NO HOME: stations, buses, fees and entrances have no claim type",none,nothing in the app can hold it yet
ChIJV_iXMtcadkgRqBI84CY_crE:transport.parking,London Zoo,transport.parking,"Zoo car park: £16 in term time, £17.50 at weekends and in bank or school holidays, paid on the day.",https://www.londonzoo.org/plan-your-visit/frequently-asked-questions,grouped,needs a person (trained reviewer; group approval),Reviewer pack card (read alone),3 later,"low impact, every independent check passed, equivalent to others"
ChIJV_iXMtcadkgRqBI84CY_crE:transport.blueBadge,London Zoo,transport.blueBadge,A disabled bay at the entrance; Blue Badge holders can also park on the Outer Circle for up to four hours.,https://www.londonzoo.org/plan-your-visit/accessibility,grouped,needs a person (trained reviewer; group approval),Covered by the group approval after its sample is read,3 later,"low impact, every independent check passed, equivalent to others"
ChIJV_iXMtcadkgRqBI84CY_crE:food.cafe,London Zoo,food.cafe,A Barista Bar next to The Terrace Restaurant serves coffees and hot drinks from 10am until the Zoo closes; The Terrace Restaurant is open 11.30am-2.30pm year round.,https://www.londonzoo.org/plan-your-visit/opening-times,reviewer,needs a person (trained reviewer),Reviewer pack card,3 later,narrowed to what its sentence supports
ChIJV_iXMtcadkgRqBI84CY_crE:food.picnic,London Zoo,food.picnic,Outdoor picnic benches are available at the Peckish Parrot Café in the Animal Adventure area.,https://www.londonzoo.org/plan-your-visit/food-and-drink,reviewer,needs a person (trained reviewer),Reviewer pack card,3 later,narrowed to what its sentence supports
ChIJV_iXMtcadkgRqBI84CY_crE:access.wheelchair,London Zoo,access.wheelchair,Most of the zoo is accessible for wheelchair users and those with limited mobility.,https://www.londonzoo.org/plan-your-visit/accessibility,reviewer,needs a person (trained reviewer),Reviewer pack card,3 later,"high impact: a wrong ""yes"" costs a family a wasted journey"
ChIJV_iXMtcadkgRqBI84CY_crE:access.steep-slopes,London Zoo,access.steep-slopes,The slopes leading to the two tunnels in the Zoo are steep.,https://www.londonzoo.org/plan-your-visit/accessibility,expert,needs a person (expert),Expert pack card,2 useful,"a ""no"" on access can take a venue out of a household's day"
ChIJV_iXMtcadkgRqBI84CY_crE:opening.hours,London Zoo,opening.hours,Opens 10am. Last entry 4pm and closing 5pm until 23 October; last entry 3pm and closing 4pm from 24 October to 12 February.,https://www.londonzoo.org/plan-your-visit/opening-times,expert,needs a person (expert),Expert pack card,1 safety,an official-hours reading: it can contradict the provider's hours
ChIJV_iXMtcadkgRqBI84CY_crE:pricing.under3,London Zoo,pricing.under3,Children under 3 go free.,https://www.londonzoo.org/plan-your-visit/frequently-asked-questions,expert,needs a person (expert),Expert pack card,2 useful,a price or entry fact in front of a parent
ChIJV_iXMtcadkgRqBI84CY_crE:pricing.variable,London Zoo,pricing.variable,"Online advance prices (before 10am on the day, no donation): adult £27.70 to £34.50 and child (3 to 15) £19.40 to £24.10 depending on the day; gate prices are higher.",https://www.londonzoo.org/plan-your-visit/london-zoo-tickets,expert,needs a person (expert),Expert pack card,2 useful,a price or entry fact in front of a parent
ChIJV_iXMtcadkgRqBI84CY_crE:considerations.supervision,London Zoo,considerations.supervision,Children under 16 are not admitted without an adult.,https://www.londonzoo.org/plan-your-visit/opening-times,parked,not published; stays unknown in the app,No decision possible yet: NO HOME: practical rules and closures have no claim type,none,nothing in the app can hold it yet
ChIJp8y37pgCdkgRBeRSa2iabyI:activities.farm-animals,Mudchute Park and Farm,activities.farm-animals,"A 32 acre park and farm with over 100 animals, free to visit, ""for people of all ages"". No age is given for any one thing.",https://www.mudchute.org/plan-your-visit/facilities,parked,not published; stays unknown in the app,No decision possible yet: NO HOME: a plain activity description has no claim type,none,nothing in the app can hold it yet
ChIJp8y37pgCdkgRBeRSa2iabyI:activities.pets-corner,Mudchute Park and Farm,activities.pets-corner,Animal petting in Pets Corner on set days in school holidays; no handling.,https://www.mudchute.org/plan-your-visit/faq,parked,not published; stays unknown in the app,No decision possible yet: NO HOME: a plain activity description has no claim type,none,nothing in the app can hold it yet
ChIJp8y37pgCdkgRBeRSa2iabyI:activities.donkey-rides,Mudchute Park and Farm,activities.donkey-rides,"Donkey rides normally on summer Sundays, weather permitting.",https://www.mudchute.org/plan-your-visit/faq,parked,not published; stays unknown in the app,No decision possible yet: NO HOME: a plain activity description has no claim type,none,nothing in the app can hold it yet
ChIJp8y37pgCdkgRBeRSa2iabyI:pushchair.terrain,Mudchute Park and Farm,pushchair.terrain,"Most areas are accessible by wheelchair, but paths are not all tarmac and some have a natural mud surface.",https://www.mudchute.org/plan-your-visit/facilities,parked,not published; stays unknown in the app,No decision possible yet: note only (good to know); no structured home,none,nothing in the app can hold it yet
ChIJp8y37pgCdkgRBeRSa2iabyI:toilets.toilets,Mudchute Park and Farm,toilets.toilets,"Toilets, including a disabled toilet, are available in the courtyard.",https://www.mudchute.org/plan-your-visit/facilities,reviewer,needs a person (trained reviewer),Reviewer pack card,3 later,narrowed to what its sentence supports
ChIJp8y37pgCdkgRBeRSa2iabyI:toilets.babyChanging,Mudchute Park and Farm,toilets.babyChanging,Baby changing in the ladies' public toilet in the courtyard.,https://www.mudchute.org/plan-your-visit/facilities,deferred,nothing to publish; production unchanged,No decision: production already serves this value from an active claim,none,production already serves this value from an active claim
ChIJp8y37pgCdkgRBeRSa2iabyI:toilets.accessibleToilet,Mudchute Park and Farm,toilets.accessibleToilet,A disabled toilet in the courtyard.,https://www.mudchute.org/plan-your-visit/facilities,deferred,nothing to publish; production unchanged,No decision: production already serves this value from an active claim,none,production already serves this value from an active claim
ChIJp8y37pgCdkgRBeRSa2iabyI:transport.station,Mudchute Park and Farm,transport.station,"DLR to Crossharbour (recommended), Island Gardens or Mudchute; D3, D6 and 135 buses.",https://www.mudchute.org/plan-your-visit/getting-here,parked,not published; stays unknown in the app,"No decision possible yet: NO HOME: stations, buses, fees and entrances have no claim type",none,nothing in the app can hold it yet
ChIJp8y37pgCdkgRBeRSa2iabyI:transport.parking,Mudchute Park and Farm,transport.parking,No visitor parking on site; limited meter parking on Pier Street and nearby.,https://www.mudchute.org/plan-your-visit/getting-here,reviewer,needs a person (trained reviewer),Reviewer pack card,3 later,"high impact: a wrong ""yes"" costs a family a wasted journey | a ""no"" can hide a venue"
ChIJp8y37pgCdkgRBeRSa2iabyI:food.cafe,Mudchute Park and Farm,food.cafe,"Mudchute Kitchen Café, Tuesday to Sunday 10am to 5pm (daily in school holidays).",https://www.mudchute.org/plan-your-visit/opening-times,deferred,nothing to publish; production unchanged,No decision: production already serves this value from an active claim,none,production already serves this value from an active claim
ChIJp8y37pgCdkgRBeRSa2iabyI:food.picnic,Mudchute Park and Farm,food.picnic,"Bring your own food, but eat in the courtyard only.",https://www.mudchute.org/plan-your-visit/facilities,grouped,needs a person (trained reviewer; group approval),Reviewer pack card (read alone),3 later,"low impact, every independent check passed, equivalent to others"
ChIJp8y37pgCdkgRBeRSa2iabyI:play.playground,Mudchute Park and Farm,play.playground,"An outdoor play area in Millwall Park, next door.",https://www.mudchute.org/plan-your-visit/facilities,reviewer,needs a person (trained reviewer),Reviewer pack card,3 later,"high impact: a wrong ""yes"" costs a family a wasted journey"
ChIJp8y37pgCdkgRBeRSa2iabyI:access.wheelchair,Mudchute Park and Farm,access.wheelchair,"Most areas of the farm are accessible by wheelchair, though not all paths are tarmac; some ground can become muddy during and after heavy rain.",https://www.mudchute.org/plan-your-visit/facilities,reviewer,needs a person (trained reviewer),Reviewer pack card,3 later,"high impact: a wrong ""yes"" costs a family a wasted journey | an independent check doubted it | narrowed to what its sentence supports"
ChIJp8y37pgCdkgRBeRSa2iabyI:opening.hours,Mudchute Park and Farm,opening.hours,Farm open every day 9am to 4pm (animals go in from 3pm); park open every day dawn to dusk.,https://www.mudchute.org/plan-your-visit/opening-times,expert,needs a person (expert),Expert pack card,1 safety,an official-hours reading: it can contradict the provider's hours
ChIJp8y37pgCdkgRBeRSa2iabyI:considerations.monday-courtyard,Mudchute Park and Farm,considerations.monday-courtyard,"The Main Courtyard is closed on Mondays except during school holidays, and there is no access to the Mudchute toilets when the courtyard is closed.",https://www.mudchute.org/plan-your-visit/opening-times,reviewer,needs a person (trained reviewer),Reviewer pack card,3 later,"a rule that informs (an area closure, a caution, a booking note): it cannot refuse a date or a household on its own | high impact: a wrong ""yes"" costs a family a wasted journey | narrowed to what its sentence supports"
ChIJp8y37pgCdkgRBeRSa2iabyI:pricing.free,Mudchute Park and Farm,pricing.free,Free to visit; donations welcome.,https://www.mudchute.org/plan-your-visit/faq,expert,needs a person (expert),Expert pack card,2 useful,a price or entry fact in front of a parent
ChIJp8y37pgCdkgRBeRSa2iabyI:considerations.hygiene,Mudchute Park and Farm,considerations.hygiene,Visitors are encouraged to wash their hands thoroughly after touching any animals (and are asked not to touch young lambs during lambing).,https://www.mudchute.org/plan-your-visit/faq,reviewer,needs a person (trained reviewer),Reviewer pack card,3 later,"a rule that informs (an area closure, a caution, a booking note): it cannot refuse a date or a household on its own | high impact: a wrong ""yes"" costs a family a wasted journey | narrowed to what its sentence supports"
ChIJPy8Y5kIFdkgRxGSXw4Xjt3s:activities.dinosaurs,Natural History Museum,activities.dinosaurs,Roaring T. rex (in the Dinosaurs Gallery) and the museum's other star attractions are permanently on display and always free to visit. No age is given.,https://www.nhm.ac.uk/,parked,not published; stays unknown in the app,No decision possible yet: NO HOME: a plain activity description has no claim type,none,nothing in the app can hold it yet
ChIJPy8Y5kIFdkgRxGSXw4Xjt3s:activities.nature-discovery-garden,Natural History Museum,activities.nature-discovery-garden,The Nature Discovery Garden is open daily in daylight hours (currently closing at 16:00). No age is given.,https://www.nhm.ac.uk/visit/galleries-and-museum-map/our-gardens.html,parked,not published; stays unknown in the app,No decision possible yet: NO HOME: a plain activity description has no claim type,none,nothing in the app can hold it yet
ChIJPy8Y5kIFdkgRxGSXw4Xjt3s:pushchair.cloakroom,Natural History Museum,pushchair.cloakroom,"The cloakroom lists ""Pushchair: £5"" among its per-item prices.",https://www.nhm.ac.uk/visit/access-at-south-kensington.html,parked,not published; stays unknown in the app,No decision possible yet: NO HOME: pushchair rules and storage have no claim type (only a terrain rating),none,nothing in the app can hold it yet
ChIJPy8Y5kIFdkgRxGSXw4Xjt3s:toilets.toilets,Natural History Museum,toilets.toilets,"Many toilets, all marked on the museum map.",https://www.nhm.ac.uk/visit/access-at-south-kensington.html,grouped,needs a person (trained reviewer; group approval),Reviewer pack card (read in the group sample),3 later,"low impact, every independent check passed, equivalent to others"
ChIJPy8Y5kIFdkgRxGSXw4Xjt3s:toilets.babyChanging,Natural History Museum,toilets.babyChanging,"Baby-changing facilities, marked on the museum map (which floors is not stated).",https://www.nhm.ac.uk/visit/access-at-south-kensington.html,merged,decided with its twin (same sentence),Decided with ChIJPy8Y5kIFdkgRxGSXw4Xjt3s:toilets.toilets,as its twin,the same sentence as ChIJPy8Y5kIFdkgRxGSXw4Xjt3s:toilets.toilets
ChIJPy8Y5kIFdkgRxGSXw4Xjt3s:toilets.accessibleToilet,Natural History Museum,toilets.accessibleToilet,"Wheelchair-accessible toilets, and a Changing Places toilet in the North Wing.",https://www.nhm.ac.uk/visit/access-at-south-kensington.html,reviewer,needs a person (trained reviewer),Reviewer pack card,3 later,an independent check doubted it
ChIJPy8Y5kIFdkgRxGSXw4Xjt3s:transport.station,Natural History Museum,transport.station,Nearest Tube is South Kensington; a subway tunnel gives a step-free way to the Central Entrance.,https://www.nhm.ac.uk/visit/getting-here.html,parked,not published; stays unknown in the app,"No decision possible yet: NO HOME: stations, buses, fees and entrances have no claim type",none,nothing in the app can hold it yet
ChIJPy8Y5kIFdkgRxGSXw4Xjt3s:transport.parking,Natural History Museum,transport.parking,"No general parking facilities on site and parking around the museum is limited; a very limited number of on-site spaces are available for Blue Badge holders, booked in advance.",https://www.nhm.ac.uk/visit/getting-here.html,reviewer,needs a person (trained reviewer),Reviewer pack card,3 later,"high impact: a wrong ""yes"" costs a family a wasted journey | a ""no"" can hide a venue | narrowed to what its sentence supports"
ChIJPy8Y5kIFdkgRxGSXw4Xjt3s:transport.blueBadge,Natural History Museum,transport.blueBadge,"A very limited number of Blue Badge spaces on site, and twelve on Exhibition Road.",https://www.nhm.ac.uk/visit/getting-here.html,grouped,needs a person (trained reviewer; group approval),Reviewer pack card (read in the group sample),3 later,"low impact, every independent check passed, equivalent to others"
ChIJPy8Y5kIFdkgRxGSXw4Xjt3s:food.cafe,Natural History Museum,food.cafe,Family-friendly cafés and restaurants.,https://www.nhm.ac.uk/visit/access-at-south-kensington.html,grouped,needs a person (trained reviewer; group approval),Reviewer pack card (read alone),3 later,"low impact, every independent check passed, equivalent to others"
ChIJPy8Y5kIFdkgRxGSXw4Xjt3s:access.wheelchair,Natural History Museum,access.wheelchair,Wheelchair accessible with lifts and step-free access to most areas; some lifts are sometimes out of service.,https://www.nhm.ac.uk/visit/access-at-south-kensington.html,reviewer,needs a person (trained reviewer),Reviewer pack card,3 later,"high impact: a wrong ""yes"" costs a family a wasted journey"
ChIJPy8Y5kIFdkgRxGSXw4Xjt3s:access.lifts-out,Natural History Museum,access.lifts-out,"Lifts in the Darwin Centre and the Mammals Hall are listed as currently out of order. The page does not date the notice, so it is shown as of the reading.",https://www.nhm.ac.uk/visit/galleries-and-museum-map.html,expert,needs a person (expert),Expert pack card,2 useful,"a ""no"" on access can take a venue out of a household's day"
ChIJPy8Y5kIFdkgRxGSXw4Xjt3s:access.station-step-free,Natural History Museum,access.station-step-free,South Kensington station is not step free; a subway tunnel gives step-free access from the station to the museum.,https://www.nhm.ac.uk/visit/getting-here.html,expert,needs a person (expert),Expert pack card,2 useful,"a ""no"" on access can take a venue out of a household's day"
ChIJPy8Y5kIFdkgRxGSXw4Xjt3s:opening.hours,Natural History Museum,opening.hours,Open daily 10:00 to 17:50 (last entry 17:30). The page also lists closures on 9 October and 24 to 26 December.,https://www.nhm.ac.uk/visit.html,expert,needs a person (expert),Expert pack card,2 useful,an official-hours reading: it can contradict the provider's hours
ChIJPy8Y5kIFdkgRxGSXw4Xjt3s:opening.closure,Natural History Museum,opening.closure,"The South Kensington site is closed on Friday 9 October 2026 for a charity gala, and on 24 to 26 December.",https://www.nhm.ac.uk/visit.html,expert,needs a person (expert),Expert pack card,1 safety,a whole-venue closure or a restriction on the core visit: it can refuse a date or a household
ChIJPy8Y5kIFdkgRxGSXw4Xjt3s:pricing.free,Natural History Museum,pricing.free,A free entry ticket can be booked to skip the queue on arrival; some exhibitions are paid.,https://www.nhm.ac.uk/visit/access-at-south-kensington.html,expert,needs a person (expert),Expert pack card,2 useful,a price or entry fact in front of a parent
ChIJPy8Y5kIFdkgRxGSXw4Xjt3s:considerations.queue,Natural History Museum,considerations.queue,At weekends and in school holidays you may have to queue to enter; a free entry ticket or membership skips the queue.,https://www.nhm.ac.uk/visit.html,reviewer,needs a person (trained reviewer),Reviewer pack card,3 later,"a rule that informs (an area closure, a caution, a booking note): it cannot refuse a date or a household on its own | high impact: a wrong ""yes"" costs a family a wasted journey | an independent check doubted it"
ChIJPy8Y5kIFdkgRxGSXw4Xjt3s:considerations.booking,Natural History Museum,considerations.booking,A free entry ticket guarantees entry and skips the queue at busy times.,https://www.nhm.ac.uk/visit/galleries-and-museum-map/our-gardens.html,reviewer,needs a person (trained reviewer),Reviewer pack card,3 later,"a rule that informs (an area closure, a caution, a booking note): it cannot refuse a date or a household on its own | high impact: a wrong ""yes"" costs a family a wasted journey"
ChIJPy8Y5kIFdkgRxGSXw4Xjt3s:considerations.creepy-crawlies,Natural History Museum,considerations.creepy-crawlies,The Creepy Crawlies Gallery is closed and will reopen as a permanent gallery for families.,https://www.nhm.ac.uk/visit/galleries-and-museum-map.html,reviewer,needs a person (trained reviewer),Reviewer pack card,3 later,"a rule that informs (an area closure, a caution, a booking note): it cannot refuse a date or a household on its own | high impact: a wrong ""yes"" costs a family a wasted journey"
ChIJse1x6SoRdkgR83yrIhNV5gc:activities.playground,Royal Air Force Museum London,activities.playground,A free outdoor playground with mini models of famous aircraft including a Spitfire. No age is given.,https://www.rafmuseum.org.uk/london/things-to-see-and-do/family-activities/,parked,not published; stays unknown in the app,No decision possible yet: NO HOME: a plain activity description has no claim type,none,nothing in the app can hold it yet
ChIJse1x6SoRdkgR83yrIhNV5gc:activities.aeroplay,Royal Air Force Museum London,activities.aeroplay,"AeroPlay! is the museum's soft play area, next to the café in Hangar 4. No age is given.",https://www.rafmuseum.org.uk/london/plan-your-day/food-and-drink/,parked,not published; stays unknown in the app,No decision possible yet: NO HOME: a plain activity description has no claim type,none,nothing in the app can hold it yet
ChIJse1x6SoRdkgR83yrIhNV5gc:activities.hands-on,Royal Air Force Museum London,activities.hands-on,Hands-on activities and family-friendly exhibits in every hangar.,https://www.rafmuseum.org.uk/london/things-to-see-and-do/family-activities/,parked,not published; stays unknown in the app,No decision possible yet: NO HOME: a plain activity description has no claim type,none,nothing in the app can hold it yet
ChIJse1x6SoRdkgR83yrIhNV5gc:pushchair.access,Royal Air Force Museum London,pushchair.access,Wide aisles in the hangars make access easy for wheelchairs and pushchairs.,https://www.rafmuseum.org.uk/london/plan-your-day/,parked,not published; stays unknown in the app,No decision possible yet: NO HOME: pushchair rules and storage have no claim type (only a terrain rating),none,nothing in the app can hold it yet
ChIJse1x6SoRdkgR83yrIhNV5gc:toilets.babyChanging,Royal Air Force Museum London,toilets.babyChanging,Baby changing in every hangar; a Changing Places toilet in Hangar 2.,https://www.rafmuseum.org.uk/london/plan-your-day/access-and-accessibility/,deferred,nothing to publish; production unchanged,No decision: production already serves this value from an active claim,none,production already serves this value from an active claim
ChIJse1x6SoRdkgR83yrIhNV5gc:toilets.toilets,Royal Air Force Museum London,toilets.toilets,Toilets in every hangar (the page calls them accessible toilets).,https://www.rafmuseum.org.uk/london/plan-your-day/access-and-accessibility/,deferred,nothing to publish; production unchanged,No decision: production already serves this value from an active claim,none,production already serves this value from an active claim
ChIJse1x6SoRdkgR83yrIhNV5gc:transport.station,Royal Air Force Museum London,transport.station,"Near Colindale (Northern line, Edgware branch); the 303 bus stops outside the main entrance.",https://www.rafmuseum.org.uk/london/plan-your-day/getting-here/,parked,not published; stays unknown in the app,"No decision possible yet: NO HOME: stations, buses, fees and entrances have no claim type",none,nothing in the app can hold it yet
ChIJse1x6SoRdkgR83yrIhNV5gc:transport.parking,Royal Air Force Museum London,transport.parking,On-site car park; parking is charged (see the charges item).,https://www.rafmuseum.org.uk/london/plan-your-day/getting-here/,deferred,nothing to publish; production unchanged,No decision: production already serves this value from an active claim,none,production already serves this value from an active claim
ChIJse1x6SoRdkgR83yrIhNV5gc:transport.parkingFee,Royal Air Force Museum London,transport.parkingFee,Cars up to 3 hours £8.50; 3 to 6 hours £11.00.,https://www.rafmuseum.org.uk/london/plan-your-day/,parked,not published; stays unknown in the app,"No decision possible yet: NO HOME: stations, buses, fees and entrances have no claim type",none,nothing in the app can hold it yet
ChIJse1x6SoRdkgR83yrIhNV5gc:food.cafe,Royal Air Force Museum London,food.cafe,"Hendon Kitchen, a family-friendly café with a canteen-style menu.",https://www.rafmuseum.org.uk/london/plan-your-day/food-and-drink/,deferred,nothing to publish; production unchanged,No decision: production already serves this value from an active claim,none,production already serves this value from an active claim
ChIJse1x6SoRdkgR83yrIhNV5gc:play.playground,Royal Air Force Museum London,play.playground,Free outdoor playground.,https://www.rafmuseum.org.uk/london/things-to-see-and-do/family-activities/,merged,decided with its twin (same sentence),Decided with ChIJse1x6SoRdkgR83yrIhNV5gc:activities.playground,as its twin,the same sentence as ChIJse1x6SoRdkgR83yrIhNV5gc:activities.playground
ChIJse1x6SoRdkgR83yrIhNV5gc:play.softplay,Royal Air Force Museum London,play.softplay,"AeroPlay! soft play is next to the café, which is in Hangar 4.",https://www.rafmuseum.org.uk/london/plan-your-day/food-and-drink/,parked,not published; stays unknown in the app,No decision possible yet: NO HOME: facility detail beyond the mapped facts has no claim type,none,nothing in the app can hold it yet
ChIJse1x6SoRdkgR83yrIhNV5gc:access.wheelchair,Royal Air Force Museum London,access.wheelchair,"Wide aisles throughout the hangars make access easy for wheelchairs and pushchairs; a limited number of manual wheelchairs and mobility scooters can be borrowed free, weather permitting, on a first-come, first-served basis.",https://www.rafmuseum.org.uk/london/plan-your-day/,merged,decided with its twin (same sentence),Decided with ChIJse1x6SoRdkgR83yrIhNV5gc:pushchair.access,as its twin,the same sentence as ChIJse1x6SoRdkgR83yrIhNV5gc:pushchair.access
ChIJse1x6SoRdkgR83yrIhNV5gc:access.stepFree,Royal Air Force Museum London,access.stepFree,Step-free access around the site and lifts to upper levels.,https://www.rafmuseum.org.uk/london/plan-your-day/access-and-accessibility/,parked,not published; stays unknown in the app,No decision possible yet: NO HOME: accessibility detail beyond wheelchair and sensory has no claim type,none,nothing in the app can hold it yet
ChIJse1x6SoRdkgR83yrIhNV5gc:access.sensory,Royal Air Force Museum London,access.sensory,Free SEND family backpacks with sensory items; quiet rooms.,https://www.rafmuseum.org.uk/london/things-to-see-and-do/family-activities/,reviewer,needs a person (trained reviewer),Reviewer pack card,3 later,"high impact: a wrong ""yes"" costs a family a wasted journey"
ChIJse1x6SoRdkgR83yrIhNV5gc:opening.hours,Royal Air Force Museum London,opening.hours,Open daily 10am to 5pm; last entry 4.30pm.,https://www.rafmuseum.org.uk/london/plan-your-day/getting-here/,expert,needs a person (expert),Expert pack card,2 useful,an official-hours reading: it can contradict the provider's hours
ChIJse1x6SoRdkgR83yrIhNV5gc:opening.theatre,Royal Air Force Museum London,opening.theatre,The 4D Theatre is temporarily closed for refurbishment.,https://www.rafmuseum.org.uk/london/things-to-see-and-do/family-activities/,reviewer,needs a person (trained reviewer),Reviewer pack card,3 later,"a rule that informs (an area closure, a caution, a booking note): it cannot refuse a date or a household on its own | high impact: a wrong ""yes"" costs a family a wasted journey | narrowed to what its sentence supports"
ChIJse1x6SoRdkgR83yrIhNV5gc:pricing.free,Royal Air Force Museum London,pricing.free,"Admission to all areas of the Museum is free, and donations are welcome.",https://www.rafmuseum.org.uk/london/plan-your-day/,expert,needs a person (expert),Expert pack card,2 useful,a price or entry fact in front of a parent
ChIJse1x6SoRdkgR83yrIhNV5gc:considerations.supervision,Royal Air Force Museum London,considerations.supervision,Children under 11 must be accompanied by an adult.,https://www.rafmuseum.org.uk/london/plan-your-day/,parked,not published; stays unknown in the app,No decision possible yet: NO HOME: practical rules and closures have no claim type,none,nothing in the app can hold it yet
ChIJP9oAE0MFdkgR3iKGFKZO1SE:activities.the-garden,Science Museum,activities.the-garden,The Garden is a hands-on play gallery for 3 to 6 year olds.,https://www.sciencemuseum.org.uk/visit/young-explorers-guide-science-museum,reviewer,needs a person (trained reviewer),Reviewer pack card,3 later,"high impact: a wrong ""yes"" costs a family a wasted journey"
ChIJP9oAE0MFdkgR3iKGFKZO1SE:activities.bubble-explorers,Science Museum,activities.bubble-explorers,"Bubble Explorers is a live bubbles show for children 7 and under, at weekends and daily in school holidays (£4.50; free for 2 and under).",https://www.sciencemuseum.org.uk/visit/young-explorers-guide-science-museum,reviewer,needs a person (trained reviewer),Reviewer pack card,3 later,"high impact: a wrong ""yes"" costs a family a wasted journey"
ChIJP9oAE0MFdkgR3iKGFKZO1SE:activities.wonderlab,Science Museum,activities.wonderlab,Wonderlab is the interactive gallery for children 7 to 14 (a paid gallery).,https://www.sciencemuseum.org.uk/visit/space-lovers-guide-science-museum,reviewer,needs a person (trained reviewer),Reviewer pack card,3 later,"high impact: a wrong ""yes"" costs a family a wasted journey"
ChIJP9oAE0MFdkgR3iKGFKZO1SE:pushchair.storage,Science Museum,pushchair.storage,"Free buggy parking in the Spare Room (level -1, opposite The Garden; pushchairs must be empty), and a small free buggy park by Pattern Pod on level 0 for use while you visit that area.",https://www.sciencemuseum.org.uk/visit/space-lovers-guide-science-museum,parked,not published; stays unknown in the app,No decision possible yet: note only (good to know); no structured home,none,nothing in the app can hold it yet
ChIJP9oAE0MFdkgR3iKGFKZO1SE:pushchair.allowed,Science Museum,pushchair.allowed,"Buggies are allowed in the galleries, but bulky ones may be sent to a buggy park in some areas.",https://www.sciencemuseum.org.uk/visit/young-explorers-guide-science-museum,expert,needs a person (expert),Expert pack card,1 safety,a whole-venue closure or a restriction on the core visit: it can refuse a date or a household
ChIJP9oAE0MFdkgR3iKGFKZO1SE:toilets.toilets,Science Museum,toilets.toilets,Toilets on every level (the page describes the accessible ones).,https://www.sciencemuseum.org.uk/visit/accessibility,reviewer,needs a person (trained reviewer),Reviewer pack card,3 later,an independent check doubted it
ChIJP9oAE0MFdkgR3iKGFKZO1SE:toilets.babyChanging,Science Museum,toilets.babyChanging,Baby changing on every floor.,https://www.sciencemuseum.org.uk/visit/young-explorers-guide-science-museum,reviewer,needs a person (trained reviewer),Reviewer pack card,3 later,an independent check doubted it
ChIJP9oAE0MFdkgR3iKGFKZO1SE:toilets.accessibleToilet,Science Museum,toilets.accessibleToilet,Accessible toilets on every level.,https://www.sciencemuseum.org.uk/visit/accessibility,merged,decided with its twin (same sentence),Decided with ChIJP9oAE0MFdkgR3iKGFKZO1SE:toilets.toilets,as its twin,the same sentence as ChIJP9oAE0MFdkgR3iKGFKZO1SE:toilets.toilets
ChIJP9oAE0MFdkgR3iKGFKZO1SE:toilets.changingPlaces,Science Museum,toilets.changingPlaces,A Changing Places toilet on level 0 next to the Hans Rausing Lecture Theatre.,https://www.sciencemuseum.org.uk/visit/accessibility,grouped,needs a person (trained reviewer; group approval),Reviewer pack card (read alone),3 later,"low impact, every independent check passed, equivalent to others"
ChIJP9oAE0MFdkgR3iKGFKZO1SE:transport.blueBadge,Science Museum,transport.blueBadge,A small number of disabled spaces on Exhibition Road; Blue Badge holders may park there for four hours between 08.30 and 18.30.,https://www.sciencemuseum.org.uk/visit/getting-here,grouped,needs a person (trained reviewer; group approval),Reviewer pack card (read in the group sample),3 later,"low impact, every independent check passed, equivalent to others"
ChIJP9oAE0MFdkgR3iKGFKZO1SE:transport.station,Science Museum,transport.station,"South Kensington (District, Circle, Piccadilly) is a 5 minute walk. The nearest step-free Tube is Knightsbridge, a 15 to 20 minute walk.",https://www.sciencemuseum.org.uk/visit/getting-here,parked,not published; stays unknown in the app,"No decision possible yet: NO HOME: stations, buses, fees and entrances have no claim type",none,nothing in the app can hold it yet
ChIJP9oAE0MFdkgR3iKGFKZO1SE:transport.parking,Science Museum,transport.parking,No car parking at the museum and local parking is very limited; nearest pay and display is in Prince Consort Road and Queen's Gate.,https://www.sciencemuseum.org.uk/visit/getting-here,reviewer,needs a person (trained reviewer),Reviewer pack card,3 later,"high impact: a wrong ""yes"" costs a family a wasted journey | a ""no"" can hide a venue"
ChIJP9oAE0MFdkgR3iKGFKZO1SE:food.cafe,Science Museum,food.cafe,Three cafés and a milkshake and ice cream bar.,https://www.sciencemuseum.org.uk/visit/food-and-drink,grouped,needs a person (trained reviewer; group approval),Reviewer pack card (read alone),3 later,"low impact, every independent check passed, equivalent to others"
ChIJP9oAE0MFdkgR3iKGFKZO1SE:food.picnic,Science Museum,food.picnic,"Bring your own food: dedicated picnic areas on levels -1, 2 and 3.",https://www.sciencemuseum.org.uk/visit/food-and-drink,grouped,needs a person (trained reviewer; group approval),Reviewer pack card (read alone),3 later,"low impact, every independent check passed, equivalent to others"
ChIJP9oAE0MFdkgR3iKGFKZO1SE:access.stepFreeRoute,Science Museum,access.stepFreeRoute,"A free guide for families with children under seven follows a step-free route through the museum, with five experiences for toddlers and young explorers.",https://www.sciencemuseum.org.uk/visit/young-explorers-guide-science-museum,parked,not published; stays unknown in the app,No decision possible yet: NO HOME: accessibility detail beyond wheelchair and sensory has no claim type,none,nothing in the app can hold it yet
ChIJP9oAE0MFdkgR3iKGFKZO1SE:access.mezzanine,Science Museum,access.mezzanine,Currently there is no step-free access to the mezzanine level in the Making the Modern World and Flight galleries.,https://www.sciencemuseum.org.uk/visit/accessibility,expert,needs a person (expert),Expert pack card,2 useful,"a ""no"" on access can take a venue out of a household's day"
ChIJP9oAE0MFdkgR3iKGFKZO1SE:access.wheelchairLoan,Science Museum,access.wheelchairLoan,Wheelchairs and folding stools can be borrowed from the Information Desk.,https://www.sciencemuseum.org.uk/visit/accessibility,parked,not published; stays unknown in the app,No decision possible yet: NO HOME: accessibility detail beyond wheelchair and sensory has no claim type,none,nothing in the app can hold it yet
ChIJP9oAE0MFdkgR3iKGFKZO1SE:opening.hours,Science Museum,opening.hours,Open daily 10:00 to 18:00; closed 24 to 26 December.,https://www.sciencemuseum.org.uk/visit,expert,needs a person (expert),Expert pack card,1 safety,a whole-venue closure or a restriction on the core visit: it can refuse a date or a household | an official-hours reading: it can contradict the provider's hours
ChIJP9oAE0MFdkgR3iKGFKZO1SE:pricing.free,Science Museum,pricing.free,Admission is free: a free admission ticket can be booked; donations are welcome.,https://www.sciencemuseum.org.uk/,expert,needs a person (expert),Expert pack card,2 useful,a price or entry fact in front of a parent
ChIJP9oAE0MFdkgR3iKGFKZO1SE:pricing.bubbleExplorers,Science Museum,pricing.bubbleExplorers,"Bubble Explorers: £4.50 per person, free for children 2 and under.",https://www.sciencemuseum.org.uk/visit/young-explorers-guide-science-museum,expert,needs a person (expert),Expert pack card,2 useful,a price or entry fact in front of a parent
ChIJP9oAE0MFdkgR3iKGFKZO1SE:considerations.duration,Science Museum,considerations.duration,A typical visit lasts about two hours.,https://www.sciencemuseum.org.uk/visit,parked,not published; stays unknown in the app,No decision possible yet: NO HOME: practical rules and closures have no claim type,none,nothing in the app can hold it yet
ChIJP9oAE0MFdkgR3iKGFKZO1SE:considerations.supervision,Science Museum,considerations.supervision,Children under 12 must be with an adult aged 18 or over.,https://www.sciencemuseum.org.uk/visit,parked,not published; stays unknown in the app,No decision possible yet: NO HOME: practical rules and closures have no claim type,none,nothing in the app can hold it yet
ChIJP9oAE0MFdkgR3iKGFKZO1SE:considerations.building-noise,Science Museum,considerations.building-noise,"New galleries are being built, so there may be some extra noise.",https://www.sciencemuseum.org.uk/visit/accessibility,reviewer,needs a person (trained reviewer),Reviewer pack card,3 later,"a rule that informs (an area closure, a caution, a booking note): it cannot refuse a date or a household on its own | high impact: a wrong ""yes"" costs a family a wasted journey"
