venue,category,cause,stored_website,pages_now,eligible_pages_read,eligible_text_chars,recovery_without_google
Richmond Park,park,"F: own pages read, no family facility stated",https://www.royalparks.org.uk/visit/parks/richmond-park?utm_source=google&utm_medium=organic&utm_campaign=google-my-business&utm_content=richmond-park,ok:5,1,1897,pages read and nothing stated: the website does not say; needs the venue or a person
Kensington Memorial Park,park,C: every read refused or failed,https://www.rbkc.gov.uk/parks-leisure-and-culture/parks/your-local-park/kensington-memorial-park,error:3 blocked:7,0,0,"#181 may recover sites that only carry Cloudflare’s detection script; genuine blocks need the venue, a licensed dataset or a person"
Imperial War Museum,museum,C: every read refused or failed,https://www.iwm.org.uk/,blocked:14,0,0,"#181 may recover sites that only carry Cloudflare’s detection script; genuine blocks need the venue, a licensed dataset or a person"
Crystal Palace Park Farm,farm,C: every read refused or failed,https://www.capel.ac.uk/community/crystal-palace-park-farm/,blocked:14,0,0,"#181 may recover sites that only carry Cloudflare’s detection script; genuine blocks need the venue, a licensed dataset or a person"
Southwark Park,park,C: every read refused or failed,https://www.southwark.gov.uk/parks-and-open-spaces/parks/southwark-park,error:4 blocked:10,0,0,"#181 may recover sites that only carry Cloudflare’s detection script; genuine blocks need the venue, a licensed dataset or a person"
Clissold Park,park,"B: website on record is a Historic England listing, not the venue",https://historicengland.org.uk/listing/the-list/list-entry/1000800,blocked:15,0,0,needs a reviewed official website (the council or friends-group page) in place of the Historic England listing
The Green Park,park,"F: own pages read, no family facility stated",https://www.royalparks.org.uk/visit/parks/green-park?utm_source=google&utm_medium=organic&utm_campaign=google-my-business&utm_content=green-park,ok:5,1,2775,pages read and nothing stated: the website does not say; needs the venue or a person
Rowans Tenpin Bowl,activity,"F: own pages read, no family facility stated",http://www.rowans.co.uk/,ok:3 error:11,3,6119,pages read and nothing stated: the website does not say; needs the venue or a person
Holland Park,park,C: every read refused or failed,https://www.rbkc.gov.uk/parks-leisure-and-culture/parks/holland-park,error:2 blocked:8,0,0,"#181 may recover sites that only carry Cloudflare’s detection script; genuine blocks need the venue, a licensed dataset or a person"
Burgh House,museum,E: own pages read but nearly empty,https://www.burghhouse.org.uk/,ok:14,14,106,script-rendered or stub pages: needs a different page (a static PDF/visitor guide) or a person
Lane7 London Camden,activity,"F: own pages read, no family facility stated",https://lane7.com/venue/london-camden/,error:4 blocked:5 fetched_truncated:1,1,1202,pages read and nothing stated: the website does not say; needs the venue or a person
Greenwich Park,park,"F: own pages read, no family facility stated",https://www.royalparks.org.uk/visit/parks/greenwich-park?utm_source=google&utm_medium=organic&utm_campaign=google-my-business&utm_content=greenwich-park,ok:5,2,5784,pages read and nothing stated: the website does not say; needs the venue or a person
Broomfield Park,park,"B: website on record is a Historic England listing, not the venue",https://historicengland.org.uk/listing/the-list/list-entry/1000517,blocked:19,0,0,needs a reviewed official website (the council or friends-group page) in place of the Historic England listing
The Regent's Park,park,E: own pages read but nearly empty,https://www.royalparks.org.uk/visit/parks/regents-park-primrose-hill?utm_source=google&utm_medium=organic&utm_campaign=google-my-business&utm_content=regents-park,ok:5,1,930,script-rendered or stub pages: needs a different page (a static PDF/visitor guide) or a person
The British Museum,museum,C: every read refused or failed,https://www.britishmuseum.org/,blocked:14,0,0,"#181 may recover sites that only carry Cloudflare’s detection script; genuine blocks need the venue, a licensed dataset or a person"
AirHop Adventure & Trampoline Park Enfield,soft_play,C: every read refused or failed,https://www.airhop.co.uk/adventure-trampoline-park-enfield/,blocked:10,0,0,"#181 may recover sites that only carry Cloudflare’s detection script; genuine blocks need the venue, a licensed dataset or a person"
Trent Park,park,E: own pages read but nearly empty,http://trentcountrypark.com/Welcome.html,ok:2 error:14,1,159,script-rendered or stub pages: needs a different page (a static PDF/visitor guide) or a person
Highbury Fields,park,C: every read refused or failed,http://www.islington.gov.uk/services/parks-environment/parks/your_parks/greenspace_az/greenspace_h/Pages/highbury_fields.aspx,error:19,0,0,"#181 may recover sites that only carry Cloudflare’s detection script; genuine blocks need the venue, a licensed dataset or a person"
Victoria Park,park,C: every read refused or failed,https://www.barnet.gov.uk/directories/parks/victoria-park,blocked:10,6,606,"#181 may recover sites that only carry Cloudflare’s detection script; genuine blocks need the venue, a licensed dataset or a person"
The Postal Museum,museum,C: every read refused or failed,https://www.postalmuseum.org/,blocked:14,0,0,"#181 may recover sites that only carry Cloudflare’s detection script; genuine blocks need the venue, a licensed dataset or a person"
Bushy Park,park,"F: own pages read, no family facility stated",https://www.royalparks.org.uk/visit/parks/bushy-park?utm_source=google&utm_medium=organic&utm_campaign=google-my-business&utm_content=bushy-park,ok:5,2,2188,pages read and nothing stated: the website does not say; needs the venue or a person
National Portrait Gallery,museum,C: every read refused or failed,https://www.npg.org.uk/,blocked:14,0,0,"#181 may recover sites that only carry Cloudflare’s detection script; genuine blocks need the venue, a licensed dataset or a person"
Crossrail Place Roof Garden,park,D: pages read belong to another venue or organisation,https://canarywharf.com/arts-events/crossrail-place-roof-garden/,ok:4 blocked:10,0,0,"#175 recovers Walthamstow Wetlands, Madame Tussauds and Tooting Commons; Horniman Butterfly House needs a reviewed parent-venue link; Crossrail Place states nothing"
St James's Park,park,"F: own pages read, no family facility stated",https://www.royalparks.org.uk/visit/parks/st-jamess-park,ok:5,1,1508,pages read and nothing stated: the website does not say; needs the venue or a person
Alexandra Park,park,C: every read refused or failed,http://www.alexandrapalace.com/park/,blocked:18,0,0,"#181 may recover sites that only carry Cloudflare’s detection script; genuine blocks need the venue, a licensed dataset or a person"
"Walthamstow Wetlands, London Wildlife Trust",attraction,D: pages read belong to another venue or organisation,https://www.wildlondon.org.uk/walthamstow-wetlands-nature-reserve,ok:6,0,0,"#175 recovers Walthamstow Wetlands, Madame Tussauds and Tooting Commons; Horniman Butterfly House needs a reviewed parent-venue link; Crossrail Place states nothing"
Madame Tussauds London,attraction,D: pages read belong to another venue or organisation,https://www.madametussauds.com/london/en/,ok:6,0,0,"#175 recovers Walthamstow Wetlands, Madame Tussauds and Tooting Commons; Horniman Butterfly House needs a reviewed parent-venue link; Crossrail Place states nothing"
Hanwell Zoo,zoo,"F: own pages read, no family facility stated",http://hanwellzoo.co.uk/,ok:6,6,10658,pages read and nothing stated: the website does not say; needs the venue or a person
Hyde Park,park,"F: own pages read, no family facility stated",https://www.royalparks.org.uk/visit/parks/hyde-park?utm_source=google&utm_medium=organic&utm_campaign=google-my-business&utm_content=hyde-park,ok:5,1,3195,pages read and nothing stated: the website does not say; needs the venue or a person
Tooting Commons,park,D: pages read belong to another venue or organisation,,ok:6,0,0,"#175 recovers Walthamstow Wetlands, Madame Tussauds and Tooting Commons; Horniman Butterfly House needs a reviewed parent-venue link; Crossrail Place states nothing"
Jump In by AirHop Adventure & Trampoline Park Elstree,soft_play,C: every read refused or failed,https://gojumpin.com/adventure-trampoline-park-elstree/,blocked:14,0,0,"#181 may recover sites that only carry Cloudflare’s detection script; genuine blocks need the venue, a licensed dataset or a person"
Belair Park,park,"B: website on record is a Historic England listing, not the venue",https://historicengland.org.uk/listing/the-list/list-entry/1000791,blocked:24,0,0,needs a reviewed official website (the council or friends-group page) in place of the Historic England listing
Danson Park,park,"B: website on record is a Historic England listing, not the venue",https://historicengland.org.uk/listing/the-list/list-entry/1000211,blocked:5,0,0,needs a reviewed official website (the council or friends-group page) in place of the Historic England listing
The Sherlock Holmes Museum,museum,"F: own pages read, no family facility stated",https://www.sherlock-holmes.co.uk/,ok:5,5,12928,pages read and nothing stated: the website does not say; needs the venue or a person
Museum of the Home,museum,"G: fact on stored page, recovered by v6",https://www.museumofthehome.org.uk/,ok:2 error:3,2,12608,#177 recovers it; reextract or the scheduled refetch publishes it
Horniman Butterfly House,zoo,D: pages read belong to another venue or organisation,http://www.horniman.ac.uk/visit/displays/butterfly-house,ok:7 error:7,0,0,"#175 recovers Walthamstow Wetlands, Madame Tussauds and Tooting Commons; Horniman Butterfly House needs a reviewed parent-venue link; Crossrail Place states nothing"
Stonebridge Recreation Ground,park,E: own pages read but nearly empty,https://www.brent.gov.uk/parks-leisure-and-healthy-living/parks-and-open-spaces/park-finder/stonebridge-recreation-ground,ok:6,1,782,script-rendered or stub pages: needs a different page (a static PDF/visitor guide) or a person
Royal Academy of Arts,museum,C: every read refused or failed,https://www.royalacademy.org.uk/,blocked:14,0,0,"#181 may recover sites that only carry Cloudflare’s detection script; genuine blocks need the venue, a licensed dataset or a person"
The Rookery,park,"F: own pages read, no family facility stated",https://www.sccoop.org.uk/,ok:3 error:9,3,4674,pages read and nothing stated: the website does not say; needs the venue or a person
St Katharine Docks,attraction,C: every read refused or failed,http://www.skdocks.co.uk/marina,error:6 blocked:4 non_html:1,0,0,"#181 may recover sites that only carry Cloudflare’s detection script; genuine blocks need the venue, a licensed dataset or a person"
Walpole Park,park,"B: website on record is a Historic England listing, not the venue",https://historicengland.org.uk/listing/the-list/list-entry/1000847,ok:5 error:4 blocked:5 timeout:1,1,1548,needs a reviewed official website (the council or friends-group page) in place of the Historic England listing
Clapham Common,park,"F: own pages read, no family facility stated",http://www.claphamcommon.net/,error:4 fetched_truncated:1,1,1343,pages read and nothing stated: the website does not say; needs the venue or a person
Sunny Hill Park,park,C: every read refused or failed,https://www.barnet.gov.uk/directories/parks/sunny-hill-park,blocked:10,6,606,"#181 may recover sites that only carry Cloudflare’s detection script; genuine blocks need the venue, a licensed dataset or a person"
Platform 9¾,attraction,A: no website on record,,,0,0,"needs a different source: a reviewed official website (person adds it to the overrides), or remove from the catalogue"
Science Museum,museum,C: every read refused or failed,https://www.sciencemuseum.org.uk/,blocked:14,0,0,"#181 may recover sites that only carry Cloudflare’s detection script; genuine blocks need the venue, a licensed dataset or a person"
Oak Hill Park,park,C: every read refused or failed,https://www.barnet.gov.uk/directories/parks/oak-hill-park,blocked:10,6,606,"#181 may recover sites that only carry Cloudflare’s detection script; genuine blocks need the venue, a licensed dataset or a person"
Natural History Museum,museum,"F: own pages read, no family facility stated",https://www.nhm.ac.uk/,blocked:9 fetched_truncated:1,1,3900,pages read and nothing stated: the website does not say; needs the venue or a person
Wimbledon Lawn Tennis Museum,museum,E: own pages read but nearly empty,https://www.wimbledon.com/en_GB/museum_and_tours/index.html,ok:15 error:3,4,0,script-rendered or stub pages: needs a different page (a static PDF/visitor guide) or a person
Churchill War Rooms,attraction,C: every read refused or failed,https://www.iwm.org.uk/visits/churchill-war-rooms,blocked:14,0,0,"#181 may recover sites that only carry Cloudflare’s detection script; genuine blocks need the venue, a licensed dataset or a person"
"Royal Botanic Gardens, Kew",park,C: every read refused or failed,https://www.kew.org/,blocked:14,0,0,"#181 may recover sites that only carry Cloudflare’s detection script; genuine blocks need the venue, a licensed dataset or a person"
Troubadour Wembley Park Theatre,park,A: no website on record,,,0,0,"needs a different source: a reviewed official website (person adds it to the overrides), or remove from the catalogue"
Hyde Park Winter Wonderland,activity,"F: own pages read, no family facility stated",https://hydeparkwinterwonderland.com/,ok:5 error:3 fetched_truncated:1,6,28856,pages read and nothing stated: the website does not say; needs the venue or a person
Streatham Vale Park,park,A: no website on record,,,0,0,"needs a different source: a reviewed official website (person adds it to the overrides), or remove from the catalogue"
London Zoo,zoo,C: every read refused or failed,https://www.londonzoo.org/,blocked:14,0,0,"#181 may recover sites that only carry Cloudflare’s detection script; genuine blocks need the venue, a licensed dataset or a person"
Alexandra Palace Ice Rink,activity,C: every read refused or failed,http://www.alexandrapalace.com/ice-rink/,blocked:18,0,0,"#181 may recover sites that only carry Cloudflare’s detection script; genuine blocks need the venue, a licensed dataset or a person"
Golders Hill Park Zoo,zoo,"F: own pages read, no family facility stated",https://www.cityoflondon.gov.uk/things-to-do/green-spaces/hampstead-heath/where-to-go-at-hampstead-heath/golders-hill-park-zoo,error:10 blocked:1 fetched_truncated:3,1,4488,pages read and nothing stated: the website does not say; needs the venue or a person
Russell Square,park,C: every read refused or failed,https://www.camden.gov.uk/our-historical-parks,blocked:14,0,0,"#181 may recover sites that only carry Cloudflare’s detection script; genuine blocks need the venue, a licensed dataset or a person"
Moco Museum London,museum,C: every read refused or failed,https://www.mocomuseum.com/london/,blocked:14,0,0,"#181 may recover sites that only carry Cloudflare’s detection script; genuine blocks need the venue, a licensed dataset or a person"
Boston Manor Park,park,E: own pages read but nearly empty,,ok:6,1,229,script-rendered or stub pages: needs a different page (a static PDF/visitor guide) or a person
Freud Museum London,museum,C: every read refused or failed,http://www.freud.org.uk/,blocked:14,0,0,"#181 may recover sites that only carry Cloudflare’s detection script; genuine blocks need the venue, a licensed dataset or a person"
Paddington Recreation Ground,activity,C: every read refused or failed,https://www.everyoneactive.com/centre/paddington-recreation-ground/,blocked:14,0,0,"#181 may recover sites that only carry Cloudflare’s detection script; genuine blocks need the venue, a licensed dataset or a person"
London Cable Car,attraction,"F: own pages read, no family facility stated",https://londoncablecar.ventrata.site/en,ok:2 error:11,2,7331,pages read and nothing stated: the website does not say; needs the venue or a person
Kingston Museum,museum,A: no website on record,,,0,0,"needs a different source: a reviewed official website (person adds it to the overrides), or remove from the catalogue"
