id,name,category,status,tier,served_facts,facts,opening_known,activity_evidence,core_facilities,price_published,own_ok_pages,family_pages,blocked_pages,own_last_read,gaps,recovery
fp-google-ChIJc2nSALkEdkgRkuoJJBfzkUI,London Eye,attraction,enriched,discoverable,5,accessibility.accessibleToilet=yes;familyFacilities.babyChanging=yes;familyFacilities.parking=no;familyFacilities.toilets=yes;pushchairSuitability=mixed,True,False,True,False,6,0,0,2026-10-01,activity;price,A stored own pages hold more (re-read/extraction/review)
fp-google-ChIJc2nSALkEdkgRviluWxwFsxA,SEA LIFE London Aquarium,attraction,enriched,discoverable,6,accessibility.accessibleToilet=yes;accessibility.wheelchairAccessible=yes;environment=indoor;familyFacilities.babyChanging=yes;familyFacilities.toilets=yes;pushchairSuitability=excellent,True,False,True,False,6,0,0,2026-10-01,activity;price,A stored own pages hold more (re-read/extraction/review)
fp-google-ChIJkSkaX7gEdkgRXGkVq9DzCcI,The Graffiti Tunnel,attraction,enriched,discoverable,1,familyFacilities.parking=no,True,False,False,False,0,0,0,,activity;facilities;pushchair/access;price,"C pages stored but none usable (wrong URL, empty, other venue)"
fp-google-ChIJ_zIJCh8XdkgRnCvSmVMa1iY,Belmont Children's Farm,farm,enriched,discoverable,3,environment=mixed;familyFacilities.cafe=yes;familyFacilities.parking=yes,True,True,False,False,3,3,0,2026-10-01,facilities;pushchair/access;price,A stored own pages hold more (re-read/extraction/review)
fp-google-ChIJvS60MMEcdkgRSMlH5VxD51Y,Hackney City Farm,farm,enriched,discoverable,3,accessibility.accessibleToilet=yes;familyFacilities.babyChanging=yes;familyFacilities.parking=no,True,True,False,True,3,0,0,2026-10-01,facilities;pushchair/access,A stored own pages hold more (re-read/extraction/review)
fp-google-ChIJp8y37pgCdkgRBeRSa2iabyI,Mudchute Park and Farm,farm,enriched,discoverable,3,accessibility.accessibleToilet=yes;familyFacilities.babyChanging=yes;familyFacilities.cafe=yes,True,True,False,True,5,0,0,2026-10-01,facilities;pushchair/access,A stored own pages hold more (re-read/extraction/review)
fp-osm-679119297,Chiswick House,museum,enriched,discoverable,5,familyFacilities.babyChanging=yes;familyFacilities.cafe=yes;familyFacilities.freeParking=no;familyFacilities.playground=yes;pushchairSuitability=mixed,False,True,False,False,5,2,0,2026-10-01,opening;facilities;price,A stored own pages hold more (re-read/extraction/review)
fp-google-ChIJJ2CD1mEddkgRAuOi9iSzBrk,Discover Children's Story Centre,museum,enriched,discoverable,1,familyFacilities.cafe=yes,True,True,False,False,2,0,0,2026-09-26,facilities;pushchair/access;price,A stored own pages hold more (re-read/extraction/review)
fp-google-ChIJId2oNroFdkgReafXXIrGnkY,Frameless,museum,enriched,discoverable,3,accessibility.accessibleToilet=yes;accessibility.wheelchairAccessible=yes;familyFacilities.cafe=yes,True,True,False,False,6,0,0,2026-10-01,facilities;price,A stored own pages hold more (re-read/extraction/review)
fp-google-ChIJrcFVE-YNdkgRJQPxAxaTnMY,Gunnersbury Park,museum,enriched,discoverable,4,accessibility.accessibleToilet=yes;familyFacilities.cafe=yes;familyFacilities.parking=yes;familyFacilities.toilets=yes,True,False,True,True,6,2,0,2026-10-02,activity;pushchair/access,A stored own pages hold more (re-read/extraction/review)
fp-google-ChIJIwA11GYTdkgRoeeAutW9svo,Headstone Manor and Museum,museum,enriched,discoverable,7,accessibility.wheelchairAccessible=yes;energyLevel=unknown;environment=unknown;extendedTerrain=unknown;familyFacilities.cafe=yes;familyFacilities.freeParking=yes;familyFacilities.parking=yes,True,False,False,True,7,0,0,2026-10-07,activity;facilities,A stored own pages hold more (re-read/extraction/review)
fp-google-ChIJSzwgydoDdkgRndnXVYQGXBI,Horniman Museum and Gardens,museum,enriched,discoverable,5,accessibility.accessibleToilet=yes;familyFacilities.babyChanging=yes;familyFacilities.cafe=yes;familyFacilities.playground=yes;familyFacilities.toilets=yes,True,False,True,True,6,0,0,2026-10-01,activity;pushchair/access,A stored own pages hold more (re-read/extraction/review)
fp-google-ChIJVTZUsMcCdkgRMc_-OpJq9v8,London Museum Docklands,museum,enriched,discoverable,3,familyFacilities.babyChanging=yes;familyFacilities.cafe=yes;familyFacilities.parking=no,True,True,False,True,4,0,0,2026-10-01,facilities;pushchair/access,A stored own pages hold more (re-read/extraction/review)
fp-google-ChIJkUcf6v4PdkgRIN0LQBjlSqs,Museum of Brands,museum,enriched,discoverable,2,familyFacilities.cafe=yes;familyFacilities.parking=no,True,False,False,True,4,0,0,2026-09-27,activity;facilities;pushchair/access,A stored own pages hold more (re-read/extraction/review)
fp-google-ChIJs_wmr0cWa0gRHr60qjwn1Mo,National Maritime Museum,museum,enriched,discoverable,5,accessibility.accessibleToilet=yes;familyFacilities.babyChanging=yes;familyFacilities.cafe=yes;familyFacilities.playground=yes;familyFacilities.toilets=yes,True,False,True,True,2,0,0,2026-10-01,activity;pushchair/access,A stored own pages hold more (re-read/extraction/review)
fp-google-ChIJQzfybmYFdkgR1tFou0zyzYQ,Paradox Museum London,museum,enriched,discoverable,1,pushchairSuitability=difficult,True,False,False,False,1,0,13,2026-10-01,activity;facilities;price,A stored own pages hold more (re-read/extraction/review)
fp-google-ChIJs_wmr0cWa0gRZpEqERRReXQ,Queen's House,museum,enriched,discoverable,2,accessibility.accessibleToilet=yes;familyFacilities.toilets=yes,True,False,True,True,2,0,0,2026-10-01,activity;pushchair/access,A stored own pages hold more (re-read/extraction/review)
fp-google-ChIJse1x6SoRdkgR83yrIhNV5gc,Royal Air Force Museum London,museum,enriched,discoverable,8,accessibility.accessibleToilet=yes;familyFacilities.babyChanging=yes;familyFacilities.cafe=yes;familyFacilities.freeParking=no;familyFacilities.parking=yes;familyFacilities.playground=yes;familyFacilities.toilets=yes;pushchairSuitability=good,True,False,True,True,5,1,0,2026-10-02,activity,A stored own pages hold more (re-read/extraction/review)
fp-google-ChIJ97pX3M0EdkgR8YFd4G1GZJ8,Saatchi Gallery,museum,enriched,discoverable,3,accessibility.accessibleToilet=yes;familyFacilities.toilets=yes;pushchairSuitability=mixed,True,False,True,False,4,0,0,2026-10-01,activity;price,A stored own pages hold more (re-read/extraction/review)
fp-google-ChIJvWjCxekEdkgRoCgQVJHZH_U,Tate Britain,museum,enriched,discoverable,4,accessibility.accessibleToilet=yes;familyFacilities.babyChanging=yes;familyFacilities.cafe=yes;familyFacilities.toilets=yes,True,False,True,True,2,2,0,2026-10-01,activity;pushchair/access,A stored own pages hold more (re-read/extraction/review)
fp-google-ChIJlRl2MakEdkgR55tr4CNv_B8,Tate Modern,museum,enriched,discoverable,5,accessibility.accessibleToilet=yes;familyFacilities.babyChanging=yes;familyFacilities.parking=no;familyFacilities.toilets=yes;pushchairSuitability=good,True,False,True,True,3,2,0,2026-10-01,activity,A stored own pages hold more (re-read/extraction/review)
fp-google-ChIJJUQ-d8oEdkgR-JVIDfRa6aY,The Courtauld Gallery,museum,enriched,discoverable,1,familyFacilities.cafe=yes,True,False,False,False,5,0,0,2026-10-01,activity;facilities;pushchair/access;price,A stored own pages hold more (re-read/extraction/review)
fp-google-ChIJeclqF84EdkgRtKAjTmWFr0I,The National Gallery,museum,enriched,discoverable,4,accessibility.accessibleToilet=yes;familyFacilities.babyChanging=yes;familyFacilities.cafe=yes;familyFacilities.toilets=yes,True,False,True,True,6,4,0,2026-10-01,activity;pushchair/access,A stored own pages hold more (re-read/extraction/review)
fp-google-ChIJczuZfc0adkgRc8X-u3ZiHcE,The Wallace Collection,museum,enriched,discoverable,5,accessibility.accessibleToilet=yes;familyFacilities.babyChanging=yes;familyFacilities.cafe=yes;familyFacilities.parking=no;familyFacilities.toilets=yes,True,False,True,False,6,2,0,2026-10-01,activity;pushchair/access;price,A stored own pages hold more (re-read/extraction/review)
fp-google-ChIJDwtf_QwddkgRRQHAFbZNFFM,V&A East Storehouse,museum,enriched,discoverable,3,accessibility.wheelchairAccessible=yes;familyFacilities.parking=no;familyFacilities.toilets=yes,True,False,False,True,1,0,0,2026-10-01,activity;facilities,A stored own pages hold more (re-read/extraction/review)
fp-google-ChIJw1d-sUMFdkgRH2XN_U0Jt54,Victoria and Albert Museum,museum,enriched,discoverable,3,accessibility.accessibleToilet=yes;accessibility.wheelchairAccessible=yes;familyFacilities.toilets=yes,True,False,True,True,2,0,0,2026-10-01,activity,A stored own pages hold more (re-read/extraction/review)
fp-google-ChIJzZtNX7UcdkgRzycysU2TrhM,Whitechapel Gallery,museum,enriched,discoverable,3,familyFacilities.babyChanging=yes;familyFacilities.cafe=yes;familyFacilities.freeParking=no,True,False,False,True,5,0,0,2026-10-01,activity;facilities;pushchair/access,A stored own pages hold more (re-read/extraction/review)
fp-google-ChIJf9LtmOcddkgRRv6MezIdvSM,William Morris Gallery,museum,enriched,discoverable,3,accessibility.accessibleToilet=yes;familyFacilities.babyChanging=yes;familyFacilities.cafe=yes,False,True,False,False,6,0,0,2026-10-01,opening;facilities;pushchair/access;price,A stored own pages hold more (re-read/extraction/review)
fp-google-ChIJyxOhp9scdkgR3ciFcAfeG1c,Young V&A,museum,enriched,discoverable,5,accessibility.accessibleToilet=yes;accessibility.wheelchairAccessible=yes;familyFacilities.babyChanging=yes;familyFacilities.cafe=yes;familyFacilities.toilets=yes,True,False,True,True,2,10,0,2026-10-01,activity,A stored own pages hold more (re-read/extraction/review)
fp-google-ChIJs0HnpkcDdkgRJjUYVf4jca4,the Design Museum,museum,enriched,discoverable,2,familyFacilities.cafe=yes;familyFacilities.parking=no,True,False,False,False,5,0,0,2026-09-26,activity;facilities;pushchair/access;price,A stored own pages hold more (re-read/extraction/review)
fp-google-ChIJO3-e5eAAdkgRcBizqvw80Aw,Ashburton Park,park,enriched,discoverable,2,familyFacilities.parking=yes;familyFacilities.playground=yes,True,True,True,False,1,2,0,2026-10-01,pushchair/access;price,A stored own pages hold more (re-read/extraction/review)
fp-google-ChIJOWBQvA4FdkgRQf5iYYFF1v4,Battersea Park,park,enriched,discoverable,1,familyFacilities.playground=yes,False,True,True,False,3,1,0,2026-10-01,opening;pushchair/access;price,A stored own pages hold more (re-read/extraction/review)
fp-google-ChIJ44SoFr8EdkgRgaKmF44BlW4,Brockwell Park,park,enriched,discoverable,1,familyFacilities.playground=yes,False,True,True,False,1,0,9,2026-10-07,opening;pushchair/access;price,B needs further official pages (family/access/facilities/PDF)
fp-google-ChIJvdn2jc8TdkgRXUFuYaUomCQ,Byron Park,park,enriched,discoverable,1,familyFacilities.playground=yes,False,True,True,False,1,0,0,2026-10-05,opening;pushchair/access;price,B needs further official pages (family/access/facilities/PDF)
fp-google-ChIJ_X4Ce_0PdkgREqwQu2aBoOY,Diana Princess of Wales Memorial Playground,park,enriched,discoverable,1,familyFacilities.playground=yes,True,True,True,False,2,6,0,2026-10-01,pushchair/access;price,A stored own pages hold more (re-read/extraction/review)
fp-google-ChIJbSe-4PoDdkgReFaqbED1N9o,Dulwich Park,park,enriched,discoverable,1,familyFacilities.playground=yes,True,True,True,False,1,0,0,2026-10-01,pushchair/access;price,B needs further official pages (family/access/facilities/PDF)
fp-google-ChIJX-Ko4mARdkgRTjkkmYxy144,Fryent Country Park,park,enriched,discoverable,1,familyFacilities.parking=yes,False,False,False,False,1,0,0,2026-10-05,opening;activity;facilities;pushchair/access;price,B needs further official pages (family/access/facilities/PDF)
fp-google-ChIJMQ4xaacddkgR7R8dERJA87c,Hackney Marshes,park,enriched,discoverable,1,familyFacilities.cafe=yes,True,False,False,False,1,0,0,2026-09-26,activity;facilities;pushchair/access;price,A stored own pages hold more (re-read/extraction/review)
fp-google-ChIJIzJDyggadkgROFAV19Ti070,Hampstead Heath,park,enriched,discoverable,3,accessibility.accessibleToilet=yes;familyFacilities.babyChanging=yes;familyFacilities.toilets=yes,False,False,True,False,0,0,1,,opening;activity;pushchair/access;price,C blocked or refused site (detector/403/404)
fp-google-ChIJwwdA9ycadkgRYejp29hL2gE,Highgate Wood,park,enriched,discoverable,5,accessibility.accessibleToilet=yes;familyFacilities.cafe=yes;familyFacilities.parking=no;familyFacilities.playground=yes;familyFacilities.toilets=yes,False,True,True,False,0,0,1,,opening;pushchair/access;price,C blocked or refused site (detector/403/404)
fp-google-ChIJMaxWjhgEdkgRel-t3L7Z4lA,Hillside Gardens Park,park,enriched,discoverable,1,familyFacilities.playground=yes,True,True,True,False,1,0,0,2026-10-01,pushchair/access;price,B needs further official pages (family/access/facilities/PDF)
fp-google-ChIJPaOn4FAFdkgRfLe2KIKp7mI,Kensington Gardens,park,enriched,discoverable,1,familyFacilities.playground=yes,True,True,True,False,2,0,0,2026-10-01,pushchair/access;price,B needs further official pages (family/access/facilities/PDF)
fp-google-ChIJxzEYTs0TdkgR12mv81GrkqE,King Edward VII Park,park,enriched,discoverable,1,familyFacilities.playground=yes,False,True,True,False,1,0,0,2026-10-05,opening;pushchair/access;price,B needs further official pages (family/access/facilities/PDF)
fp-google-ChIJnUAXxn8BdkgRkznV3rCdTFI,Mayow Park,park,enriched,discoverable,2,familyFacilities.cafe=yes;familyFacilities.playground=yes,True,True,True,False,1,0,0,2026-10-01,pushchair/access;price,B needs further official pages (family/access/facilities/PDF)
fp-google-ChIJN3hATcsSdkgRPscumUj6FqU,Northala Fields,park,enriched,discoverable,2,familyFacilities.playground=yes;familyFacilities.toilets=yes,True,True,True,False,1,0,0,2026-10-01,pushchair/access;price,B needs further official pages (family/access/facilities/PDF)
fp-google-ChIJR9hww7wTdkgRtAAkWvvGfIY,Northwick Park,park,enriched,discoverable,2,familyFacilities.parking=yes;familyFacilities.playground=yes,False,True,True,False,1,0,0,2026-10-05,opening;pushchair/access;price,B needs further official pages (family/access/facilities/PDF)
fp-google-ChIJVRvQ7bMRdkgRqYUyCcCgNVc,Roundwood Park,park,enriched,discoverable,3,familyFacilities.cafe=yes;familyFacilities.playground=yes;familyFacilities.toilets=yes,False,True,True,False,1,0,10,2026-10-07,opening;pushchair/access;price,B needs further official pages (family/access/facilities/PDF)
fp-google-ChIJ-2k6HgUBdkgRy-DSFv0Bv9I,South Norwood Country Park,park,enriched,discoverable,1,familyFacilities.playground=yes,True,True,True,False,1,0,0,2026-10-05,pushchair/access;price,B needs further official pages (family/access/facilities/PDF)
fp-google-ChIJGQI9j5kGdkgRw15R7n7xqGw,Streatham Common,park,enriched,discoverable,1,familyFacilities.playground=yes,True,True,True,False,4,2,0,2026-10-07,pushchair/access;price,A stored own pages hold more (re-read/extraction/review)
fp-google-ChIJ9bI_ApKt2EcRDyvcMDwpxvE,Swanley Park,park,enriched,discoverable,2,familyFacilities.freeParking=no;familyFacilities.playground=yes,True,True,True,False,4,0,0,2026-10-01,pushchair/access;price,A stored own pages hold more (re-read/extraction/review)
fp-google-ChIJF4YXjN4DdkgRvJe2-r5usvY,Sydenham Hill Wood,park,enriched,discoverable,3,accessibility.accessibleToilet=yes;familyFacilities.freeParking=yes;familyFacilities.parking=yes,True,False,False,True,1,0,0,2026-10-01,activity;facilities;pushchair/access,A stored own pages hold more (re-read/extraction/review)
fp-google-ChIJHUND2RgddkgRarf7ZQfLCw4,Victoria Park,park,enriched,discoverable,3,accessibility.accessibleToilet=yes;familyFacilities.cafe=yes;familyFacilities.toilets=yes,False,False,True,False,2,0,0,2026-10-01,opening;activity;pushchair/access;price,A stored own pages hold more (re-read/extraction/review)
fp-google-ChIJ7_PV980bdkgROekbwOVWVfo,Babylon Park London,soft_play,enriched,discoverable,2,environment=indoor;familyFacilities.parking=no,True,True,False,False,1,0,17,2026-10-02,facilities;pushchair/access;price,A stored own pages hold more (re-read/extraction/review)
fp-google-ChIJb5wm6eQQdkgR-qbm_aXw0xw,Flip Out Brent Cross,soft_play,enriched,discoverable,3,accessibility.wheelchairAccessible=yes;environment=indoor;familyFacilities.parking=no,True,False,False,False,2,0,0,2026-10-01,activity;facilities;price,B needs further official pages (family/access/facilities/PDF)
fp-google-ChIJ2fFKeuMDdkgRLHMNKVOxX_s,Flip Out Canary Wharf,soft_play,enriched,discoverable,2,environment=indoor;familyFacilities.parking=yes,True,False,False,False,2,0,0,2026-10-01,activity;facilities;pushchair/access;price,A stored own pages hold more (re-read/extraction/review)
fp-google-ChIJ0ZZcI7hrdkgR4ooSY3kKOMo,Flip Out Watford,soft_play,enriched,discoverable,5,accessibility.accessibleToilet=yes;accessibility.wheelchairAccessible=yes;environment=indoor;familyFacilities.babyChanging=yes;pushchairSuitability=good,True,True,False,False,2,0,0,2026-10-01,facilities;price,A stored own pages hold more (re-read/extraction/review)
fp-google-ChIJqfua7FhzdkgRqSRaMoloxR0,Hobbledown Heath,zoo,enriched,discoverable,3,environment=outdoor;familyFacilities.parking=yes;familyFacilities.playground=yes,True,True,False,False,6,0,0,2026-10-02,facilities;pushchair/access;price,A stored own pages hold more (re-read/extraction/review)
fp-google-ChIJV0tnSdcbdkgRBOMTTP6eLHg,Alexandra Palace Ice Rink,activity,ai_draft,insufficient,0,,True,False,False,False,0,0,18,,activity;facilities;pushchair/access;price;not visible (ai_draft),C blocked or refused site (detector/403/404)
fp-google-ChIJT8Zf9BwFdkgRK-CapYKxUBQ,Hyde Park Winter Wonderland,activity,ai_draft,insufficient,0,,False,False,False,False,5,1,0,2026-09-30,opening;activity;facilities;pushchair/access;price;not visible (ai_draft),A stored own pages hold more (re-read/extraction/review)
fp-google-ChIJA3gH3XEbdkgRpYfgs3DCDgM,Lane7 London Camden,activity,ai_draft,insufficient,0,,False,False,False,False,0,0,5,,opening;activity;facilities;pushchair/access;price;not visible (ai_draft),C blocked or refused site (detector/403/404)
fp-google-ChIJYXZohAkQdkgRfyZIWSl03SM,Paddington Recreation Ground,activity,ai_draft,insufficient,0,,True,False,False,False,0,0,14,,activity;facilities;pushchair/access;price;not visible (ai_draft),C blocked or refused site (detector/403/404)
fp-google-ChIJ4ytTKIUbdkgRWA5R15k-IiQ,Rowans Tenpin Bowl,activity,ai_draft,insufficient,0,,True,False,False,False,3,2,0,2026-09-30,activity;facilities;pushchair/access;price;not visible (ai_draft),A stored own pages hold more (re-read/extraction/review)
fp-google-ChIJq4lX1doEdkgR5JXPstgQjc0,Churchill War Rooms,attraction,ai_draft,insufficient,0,,True,False,False,False,0,0,14,,activity;facilities;pushchair/access;price;not visible (ai_draft),C blocked or refused site (detector/403/404)
fp-google-ChIJzctoGW2p2EcRPZRecMnPjCM,London Cable Car,attraction,ai_draft,insufficient,0,,True,False,False,True,2,0,0,2026-09-30,activity;facilities;pushchair/access;not visible (ai_draft),A stored own pages hold more (re-read/extraction/review)
fp-google-ChIJgZ24Us4adkgRpDNAwNPO_SY,Madame Tussauds London,attraction,ai_draft,insufficient,0,,True,False,False,False,0,0,0,,activity;facilities;pushchair/access;price;not visible (ai_draft),"C pages stored but none usable (wrong URL, empty, other venue)"
fp-google-ChIJNxhUjPobdkgRPs7qrzmRV8I,Platform 9¾,attraction,ai_draft,insufficient,0,,True,False,False,False,0,0,0,,activity;facilities;pushchair/access;price;not visible (ai_draft),D no official website recorded
fp-google-ChIJmyYjOEgDdkgR345iS9jBRsE,St Katharine Docks,attraction,ai_draft,insufficient,0,,True,False,False,False,0,0,4,,activity;facilities;pushchair/access;price;not visible (ai_draft),C blocked or refused site (detector/403/404)
fp-google-ChIJgUtOcjEcdkgR6Y_NLIc0XBQ,"Walthamstow Wetlands, London Wildlife Trust",attraction,ai_draft,insufficient,0,,True,False,False,False,0,0,0,,activity;facilities;pushchair/access;price;not visible (ai_draft),"C pages stored but none usable (wrong URL, empty, other venue)"
fp-google-ChIJ06m8z2kBdkgRzsOi7Wsu_ck,Crystal Palace Park Farm,farm,ai_draft,insufficient,0,,True,True,False,False,0,0,14,,facilities;pushchair/access;price;not visible (ai_draft),C blocked or refused site (detector/403/404)
fp-google-ChIJ7bDgv2IadkgRkIbzf3FdF5M,Burgh House,museum,ai_draft,insufficient,0,,True,False,False,False,14,2,0,2026-10-07,activity;facilities;pushchair/access;price;not visible (ai_draft),A stored own pages hold more (re-read/extraction/review)
fp-google-ChIJAVlhMIUCdkgRCJEgHVbITq4,Cutty Sark,museum,provider_only,insufficient,1,accessibility.accessibleToilet=yes,True,False,False,False,2,0,0,2026-10-01,activity;facilities;pushchair/access;price;not visible (provider_only),A stored own pages hold more (re-read/extraction/review)
fp-google-ChIJyxFtboUadkgRb0RdlOrRsBs,Freud Museum London,museum,ai_draft,insufficient,0,,True,False,False,False,0,0,14,,activity;facilities;pushchair/access;price;not visible (ai_draft),C blocked or refused site (detector/403/404)
fp-google-ChIJ0-48HywBdkgRh7MH0Igd1f4,Imperial War Museum,museum,ai_draft,insufficient,0,,True,False,False,False,0,0,14,,activity;facilities;pushchair/access;price;not visible (ai_draft),C blocked or refused site (detector/403/404)
fp-osm-632558518,Kingston Museum,museum,ai_draft,insufficient,0,,False,False,False,False,0,0,0,,opening;activity;facilities;pushchair/access;price;not visible (ai_draft),D no official website recorded
fp-google-ChIJw_IUPgAFdkgRjnsnggC_0pY,Moco Museum London,museum,ai_draft,insufficient,0,,True,False,False,False,0,0,14,,activity;facilities;pushchair/access;price;not visible (ai_draft),C blocked or refused site (detector/403/404)
fp-google-ChIJKUrjG7wcdkgRbfTuKDBgWXI,Museum of the Home,museum,ai_draft,insufficient,0,,True,False,False,True,2,0,0,2026-09-27,activity;facilities;pushchair/access;not visible (ai_draft),A stored own pages hold more (re-read/extraction/review)
fp-google-ChIJeclqF84EdkgRYkL4mtJ7rLM,National Portrait Gallery,museum,ai_draft,insufficient,0,,True,False,False,False,0,0,14,,activity;facilities;pushchair/access;price;not visible (ai_draft),C blocked or refused site (detector/403/404)
fp-google-ChIJPy8Y5kIFdkgRxGSXw4Xjt3s,Natural History Museum,museum,ai_draft,insufficient,0,,True,False,False,False,0,0,9,,activity;facilities;pushchair/access;price;not visible (ai_draft),C blocked or refused site (detector/403/404)
fp-google-ChIJM5ERbdYEdkgRFkMO56hrE_k,Royal Academy of Arts,museum,ai_draft,insufficient,0,,True,False,False,False,0,0,14,,activity;facilities;pushchair/access;price;not visible (ai_draft),C blocked or refused site (detector/403/404)
fp-google-ChIJP9oAE0MFdkgR3iKGFKZO1SE,Science Museum,museum,ai_draft,insufficient,0,,True,False,False,False,0,0,14,,activity;facilities;pushchair/access;price;not visible (ai_draft),C blocked or refused site (detector/403/404)
fp-google-ChIJB9OTMDIbdkgRp0JWbQGZsS8,The British Museum,museum,ai_draft,insufficient,0,,True,False,False,False,0,0,14,,activity;facilities;pushchair/access;price;not visible (ai_draft),C blocked or refused site (detector/403/404)
fp-google-ChIJCdDpwEgbdkgR8AYzPPpaAyw,The Postal Museum,museum,ai_draft,insufficient,0,,True,False,False,False,0,0,14,,activity;facilities;pushchair/access;price;not visible (ai_draft),C blocked or refused site (detector/403/404)
fp-google-ChIJkeddM88adkgR80g3pdkn0vw,The Sherlock Holmes Museum,museum,ai_draft,insufficient,0,,True,False,False,True,5,0,0,2026-09-26,activity;facilities;pushchair/access;not visible (ai_draft),A stored own pages hold more (re-read/extraction/review)
fp-google-ChIJq1UGf8gPdkgR6X6QCL1xzdY,Wimbledon Lawn Tennis Museum,museum,ai_draft,insufficient,0,,True,False,False,False,4,0,0,2026-09-28,activity;facilities;pushchair/access;price;not visible (ai_draft),B needs further official pages (family/access/facilities/PDF)
fp-google-ChIJG5FG-NUbdkgRLUU1g4e7xp4,Alexandra Park,park,ai_draft,insufficient,0,,True,False,False,False,0,0,18,,activity;facilities;pushchair/access;price;not visible (ai_draft),C blocked or refused site (detector/403/404)
fp-google-ChIJj3zdKqkDdkgRP-6Y8f75vpY,Belair Park,park,ai_draft,insufficient,0,,True,False,False,False,0,0,24,,activity;facilities;pushchair/access;price;not visible (ai_draft),C blocked or refused site (detector/403/404)
fp-google-ChIJySVh9LwNdkgRpAgAj9YX2Eg,Boston Manor Park,park,ai_draft,insufficient,0,,True,False,False,False,1,0,0,2026-10-07,activity;facilities;pushchair/access;price;not visible (ai_draft),D no official website recorded
fp-google-ChIJATFGbXcZdkgRbdIAQPsgpvs,Broomfield Park,park,ai_draft,insufficient,0,,True,False,False,False,0,0,19,,activity;facilities;pushchair/access;price;not visible (ai_draft),C blocked or refused site (detector/403/404)
fp-google-ChIJcQq5rXQLdkgRGJdFbyVwlo4,Bushy Park,park,ai_draft,insufficient,0,,True,False,False,False,2,0,0,2026-09-27,activity;facilities;pushchair/access;price;not visible (ai_draft),B needs further official pages (family/access/facilities/PDF)
fp-google-ChIJMZG7QYYFdkgRdJlpSt0DxJk,Clapham Common,park,ai_draft,insufficient,0,,True,False,False,False,0,0,0,,activity;facilities;pushchair/access;price;not visible (ai_draft),"C pages stored but none usable (wrong URL, empty, other venue)"
fp-google-ChIJ20fKH3wcdkgRu2dDMx_lAUk,Clissold Park,park,ai_draft,insufficient,0,,True,False,False,False,0,0,15,,activity;facilities;pushchair/access;price;not visible (ai_draft),C blocked or refused site (detector/403/404)
fp-google-ChIJEzFv5rACdkgRLA2fgj3u0ZY,Crossrail Place Roof Garden,park,ai_draft,insufficient,0,,True,False,False,False,0,0,10,,activity;facilities;pushchair/access;price;not visible (ai_draft),"C pages stored but none usable (wrong URL, empty, other venue)"
fp-google-ChIJ94vQ-0IBdkgRxsGErkV2hZo,Crystal Palace Park,park,enriched,insufficient,0,,True,False,False,False,0,0,0,,activity;facilities;pushchair/access;price,"C pages stored but none usable (wrong URL, empty, other venue)"
fp-google-ChIJJTNTTOqu2EcRdSWi19ba-aA,Danson Park,park,ai_draft,insufficient,0,,True,False,False,False,0,0,5,,activity;facilities;pushchair/access;price;not visible (ai_draft),C blocked or refused site (detector/403/404)
fp-google-ChIJaeUYnoQCdkgR0Fxns5NICw4,Greenwich Park,park,ai_draft,insufficient,0,,True,False,False,False,2,0,0,2026-09-26,activity;facilities;pushchair/access;price;not visible (ai_draft),A stored own pages hold more (re-read/extraction/review)
fp-google-ChIJc8RPdXsbdkgR8a6N0kAODUw,Highbury Fields,park,ai_draft,insufficient,0,,False,False,False,False,0,0,0,,opening;activity;facilities;pushchair/access;price;not visible (ai_draft),"C pages stored but none usable (wrong URL, empty, other venue)"
fp-google-ChIJ526-pu8PdkgRTWxnrCD4WWo,Holland Park,park,ai_draft,insufficient,0,,False,False,False,False,0,0,8,,opening;activity;facilities;pushchair/access;price;not visible (ai_draft),C blocked or refused site (detector/403/404)
fp-google-ChIJhRoYKUkFdkgRDL20SU9sr9E,Hyde Park,park,ai_draft,insufficient,0,,True,False,False,False,1,0,0,2026-09-26,activity;facilities;pushchair/access;price;not visible (ai_draft),A stored own pages hold more (re-read/extraction/review)
fp-google-ChIJl9GLq5sFdkgRprpfoNR3t3Q,Hyde Park Corner,park,provider_only,insufficient,1,accessibility.wheelchairAccessible=no,False,False,False,False,1,0,4,2026-10-01,opening;activity;facilities;price;not visible (provider_only),B needs further official pages (family/access/facilities/PDF)
fp-google-ChIJ-XrpLyQQdkgRMWYYOyj18jo,Kensington Memorial Park,park,ai_draft,insufficient,0,,False,False,False,False,0,0,7,,opening;activity;facilities;pushchair/access;price;not visible (ai_draft),C blocked or refused site (detector/403/404)
fp-google-ChIJPQYgoq0ZdkgRMtzQU1OeFAw,Oak Hill Park,park,ai_draft,insufficient,0,,False,False,False,False,0,2,10,,opening;activity;facilities;pushchair/access;price;not visible (ai_draft),C blocked or refused site (detector/403/404)
fp-google-ChIJ2yb0sesadkgRIQOyE6qMxLU,Primrose Hill,park,enriched,insufficient,0,,True,False,False,False,0,0,0,,activity;facilities;pushchair/access;price,"C pages stored but none usable (wrong URL, empty, other venue)"
fp-google-ChIJ_dGXYaUOdkgRjQQ6Whq-jBM,Richmond Park,park,ai_draft,insufficient,0,,True,False,False,False,1,0,0,2026-09-26,activity;facilities;pushchair/access;price;not visible (ai_draft),B needs further official pages (family/access/facilities/PDF)
fp-google-ChIJQzRbYMUNdkgRfvuRYk-Rb9E,"Royal Botanic Gardens, Kew",park,ai_draft,insufficient,0,,True,False,False,False,0,0,14,,activity;facilities;pushchair/access;price;not visible (ai_draft),C blocked or refused site (detector/403/404)
fp-google-ChIJvwCzCzEbdkgRSjIxswgKGdE,Russell Square,park,ai_draft,insufficient,0,,True,False,False,False,0,0,14,,activity;facilities;pushchair/access;price;not visible (ai_draft),C blocked or refused site (detector/403/404)
fp-google-ChIJ0z8qliQDdkgRnHy282G__nI,Southwark Park,park,ai_draft,insufficient,0,,False,False,False,False,0,0,10,,opening;activity;facilities;pushchair/access;price;not visible (ai_draft),C blocked or refused site (detector/403/404)
fp-google-ChIJG-CxwNoEdkgRXx26gHZwVf8,St James's Park,park,ai_draft,insufficient,0,,True,False,False,False,1,0,0,2026-09-26,activity;facilities;pushchair/access;price;not visible (ai_draft),B needs further official pages (family/access/facilities/PDF)
fp-google-ChIJLcSXGDcRdkgR4-0IhTe5PXw,Stonebridge Recreation Ground,park,ai_draft,insufficient,0,,False,False,False,False,1,0,0,2026-10-05,opening;activity;facilities;pushchair/access;price;not visible (ai_draft),B needs further official pages (family/access/facilities/PDF)
fp-google-ChIJuTPx2HcHdkgRIhZ0_UTNJcQ,Streatham Vale Park,park,ai_draft,insufficient,0,,False,False,False,False,0,0,0,,opening;activity;facilities;pushchair/access;price;not visible (ai_draft),D no official website recorded
fp-google-ChIJN4kRhtMQdkgRdypf411CxnM,Sunny Hill Park,park,ai_draft,insufficient,0,,False,False,False,False,0,2,10,,opening;activity;facilities;pushchair/access;price;not visible (ai_draft),C blocked or refused site (detector/403/404)
fp-google-ChIJ2Sv_gSgFdkgRo_HVykixWts,The Green Park,park,ai_draft,insufficient,0,,True,False,False,False,1,0,0,2026-09-26,activity;facilities;pushchair/access;price;not visible (ai_draft),B needs further official pages (family/access/facilities/PDF)
fp-google-ChIJB76zsMMadkgRvhhquw8-mAg,The Regent's Park,park,ai_draft,insufficient,0,,True,False,False,False,1,0,0,2026-09-26,activity;facilities;pushchair/access;price;not visible (ai_draft),B needs further official pages (family/access/facilities/PDF)
fp-google-ChIJMRJIRJgGdkgR07BOzfdruu4,The Rookery,park,ai_draft,insufficient,0,,True,False,False,False,3,0,0,2026-10-05,activity;facilities;pushchair/access;price;not visible (ai_draft),A stored own pages hold more (re-read/extraction/review)
fp-google-ChIJi104LjcFdkgRnzOHTtw-7kM,Tooting Commons,park,ai_draft,insufficient,0,,False,False,False,False,0,0,0,,opening;activity;facilities;pushchair/access;price;not visible (ai_draft),D no official website recorded
fp-google-ChIJC_OX14oYdkgRR63K3nTnZ1I,Trent Park,park,ai_draft,insufficient,0,,True,False,False,False,1,0,0,2026-10-07,activity;facilities;pushchair/access;price;not visible (ai_draft),B needs further official pages (family/access/facilities/PDF)
fp-google-ChIJt1tI0ZcRdkgRY71kqlLf7Vs,Troubadour Wembley Park Theatre,park,ai_draft,insufficient,0,,False,False,False,False,0,0,0,,opening;activity;facilities;pushchair/access;price;not visible (ai_draft),D no official website recorded
fp-google-ChIJCbNBnv4ZdkgRfwhfr6xBT0E,Victoria Park,park,ai_draft,insufficient,0,,False,False,False,False,0,2,10,,opening;activity;facilities;pushchair/access;price;not visible (ai_draft),C blocked or refused site (detector/403/404)
fp-google-ChIJMYYNDYwNdkgRSqk4sr9yCwQ,Walpole Park,park,ai_draft,insufficient,0,,True,False,False,False,1,0,5,2026-10-07,activity;facilities;pushchair/access;price;not visible (ai_draft),B needs further official pages (family/access/facilities/PDF)
fp-google-ChIJ_RrImU0adkgRe7t4e8XkrXc,Waterlow Park,park,enriched,insufficient,0,,True,False,False,False,4,0,0,2026-09-29,activity;facilities;pushchair/access;price,A stored own pages hold more (re-read/extraction/review)
fp-google-ChIJbe-XLh0fdkgRnjEVL2_qP3E,AirHop Adventure & Trampoline Park Enfield,soft_play,ai_draft,insufficient,0,,False,False,False,False,0,0,10,,opening;activity;facilities;pushchair/access;price;not visible (ai_draft),C blocked or refused site (detector/403/404)
fp-google-ChIJi3VUUWoWdkgRluIRG5hbIlY,Jump In by AirHop Adventure & Trampoline Park Elstree,soft_play,ai_draft,insufficient,0,,True,False,False,False,0,0,14,,activity;facilities;pushchair/access;price;not visible (ai_draft),C blocked or refused site (detector/403/404)
fp-google-ChIJv9tbXcsRdkgRdSU67tQcC2w,Golders Hill Park Zoo,zoo,ai_draft,insufficient,0,,True,True,False,False,0,0,1,,facilities;pushchair/access;price;not visible (ai_draft),C blocked or refused site (detector/403/404)
fp-google-ChIJHQ0TmmENdkgRStqMV2LSW5M,Hanwell Zoo,zoo,ai_draft,insufficient,0,,True,True,False,True,6,0,0,2026-09-30,facilities;pushchair/access;not visible (ai_draft),A stored own pages hold more (re-read/extraction/review)
fp-google-ChIJkzmyPsUDdkgRM6FZAZUMBuQ,Horniman Butterfly House,zoo,ai_draft,insufficient,0,,True,True,False,False,0,0,0,,facilities;pushchair/access;price;not visible (ai_draft),"C pages stored but none usable (wrong URL, empty, other venue)"
fp-google-ChIJV_iXMtcadkgRqBI84CY_crE,London Zoo,zoo,ai_draft,insufficient,0,,True,True,False,False,0,0,14,,facilities;pushchair/access;price;not visible (ai_draft),C blocked or refused site (detector/403/404)
fp-google-ChIJAdLvZfkadkgRjwFvlivSzpo,Kentish Town City Farm,farm,enriched,recommendation-ready,6,accessibility.accessibleToilet=yes;accessibility.wheelchairAccessible=yes;familyFacilities.freeParking=no;familyFacilities.parking=no;familyFacilities.toilets=yes;pushchairSuitability=good,True,True,True,False,3,0,0,2026-10-01,price,ready
fp-google-ChIJRfXNwPoBdkgRqdTuM7Baxuw,Beckenham Place Park,park,enriched,recommendation-ready,6,accessibility.accessibleToilet=yes;familyFacilities.babyChanging=yes;familyFacilities.cafe=yes;familyFacilities.parking=yes;familyFacilities.playground=yes;familyFacilities.toilets=yes,True,True,True,False,5,2,0,2026-10-01,pushchair/access;price,ready
fp-google-ChIJYfO01G0DdkgR4H52YH-11gw,Burgess Park,park,enriched,recommendation-ready,3,environment=outdoor;familyFacilities.playground=yes;familyFacilities.toilets=yes,True,True,True,False,1,0,0,2026-10-01,pushchair/access;price,ready
fp-google-ChIJq-jJARlxdkgRNLTE490EqVU,Colne Valley Regional Park,park,enriched,recommendation-ready,6,environment=outdoor;familyFacilities.babyChanging=yes;familyFacilities.freeParking=no;familyFacilities.parking=no;familyFacilities.playground=yes;familyFacilities.toilets=yes,True,True,True,False,6,0,0,2026-10-01,pushchair/access;price,ready
fp-google-ChIJ99IK4v8QdkgRZNGsdKK0pb8,Gladstone Park,park,enriched,recommendation-ready,3,familyFacilities.cafe=yes;familyFacilities.parking=yes;familyFacilities.playground=yes,True,True,True,False,1,0,0,2026-10-01,pushchair/access;price,ready
fp-google-ChIJATb-mYIQdkgRH82PlPcn3cs,Golders Hill Park,park,enriched,recommendation-ready,5,accessibility.accessibleToilet=yes;familyFacilities.babyChanging=yes;familyFacilities.cafe=yes;familyFacilities.playground=yes;familyFacilities.toilets=yes,True,True,True,False,0,0,2,,pushchair/access;price,ready
fp-google-ChIJH7vcjOYddkgRQAmHYvUaK-U,London Fields,park,enriched,recommendation-ready,4,accessibility.accessibleToilet=yes;familyFacilities.cafe=yes;familyFacilities.playground=yes;familyFacilities.toilets=yes,True,True,True,False,1,0,0,2026-10-01,pushchair/access;price,ready
fp-google-ChIJkf4NDG8ddkgRXEINXuEbip8,Queen Elizabeth Olympic Park,park,enriched,recommendation-ready,4,familyFacilities.cafe=yes;familyFacilities.freeParking=no;familyFacilities.parking=yes;familyFacilities.playground=yes,True,True,True,True,6,0,0,2026-10-01,pushchair/access,ready
fp-google-ChIJs4TUS9ZrdkgRFr2d6Wiqa5A,Rickmansworth Aquadrome,park,enriched,recommendation-ready,6,accessibility.accessibleToilet=yes;familyFacilities.cafe=yes;familyFacilities.freeParking=yes;familyFacilities.parking=yes;familyFacilities.playground=yes;familyFacilities.toilets=yes,True,True,True,False,1,0,0,2026-10-01,pushchair/access;price,ready
