claim_id,venue,field,value,read_on,checked_at,valid_until,approved_by,source_url,read_status,scope,last_job,venue_requeued_on,route
c7658bc6-7d67-4db5-b952-4688c6053253,Streatham Common,familyFacilities.playground,"""yes""",2026-09-20,2026-09-20,2026-10-20,source_evidence_auto_v2,http://streathamcommon.org/visitiing-streatham-common/,ok,venue_own_subtree,reextract 2026-10-07,2026-10-13,automatic refetch before expiry
0b3da36c-dcf7-4f53-858c-a9f7073b953e,Discover Children's Story Centre,familyFacilities.cafe,"""yes""",2026-09-26,2026-09-26,2026-10-26,source_evidence_auto_v2,https://discover.org.uk/your-visit,ok,venue_own_subtree,reextract 2026-10-07,2026-10-19,automatic refetch before expiry
2c170e95-b10d-4f09-92f3-753e35a55bc4,Hackney Marshes,familyFacilities.cafe,"""yes""",2026-09-26,2026-09-26,2026-10-26,source_evidence_auto_v2,https://www.hackney.gov.uk/libraries-parks-and-leisure/parks-and-green-spaces/parks-list/hackney-marshes,ok,venue_named_page,reextract 2026-10-07,2026-10-19,automatic refetch before expiry
2d69e5ef-fb91-4938-a960-5a199dfe5ba3,the Design Museum,familyFacilities.cafe,"""yes""",2026-09-26,2026-09-26,2026-10-26,source_evidence_auto_v2,https://designmuseum.org/plan-your-visit/opening-hours,ok,venue_own_subtree,reextract 2026-10-07,2026-10-19,automatic refetch before expiry
43b738b0-6f6a-4b36-8901-49b98d051a74,the Design Museum,familyFacilities.parking,"""no""",2026-09-26,2026-09-26,2026-10-26,source_evidence_auto_v2,https://designmuseum.org/plan-your-visit/getting-here,ok,venue_own_subtree,reextract 2026-10-07,2026-10-19,automatic refetch before expiry
658b275d-bd9f-4c32-931d-3792fbdb7386,Hackney City Farm,accessibility.accessibleToilet,"""yes""",2026-09-27,2026-09-27,2026-10-27,source_evidence_auto_v2,https://hackneycityfarm.co.uk/visit/,ok,venue_own_subtree,reextract 2026-10-07,2026-10-20,automatic refetch before expiry
095c1df1-8e6f-4181-a455-db3551d2b43e,Hackney City Farm,familyFacilities.babyChanging,"""yes""",2026-09-27,2026-09-27,2026-10-27,source_evidence_auto_v2,https://hackneycityfarm.co.uk/visit/,ok,venue_own_subtree,reextract 2026-10-07,2026-10-20,automatic refetch before expiry
2447d437-fabe-4bfb-a187-e18df0c0f839,Museum of Brands,familyFacilities.cafe,"""yes""",2026-09-27,2026-09-27,2026-10-27,source_evidence_auto_v2,https://museumofbrands.com/plan-your-visit/what-to-expect/,ok,venue_own_subtree,reextract 2026-10-07,2026-10-20,automatic refetch before expiry
6f39d668-75e6-48ee-9e61-943a21e22c18,Museum of Brands,familyFacilities.parking,"""no""",2026-09-27,2026-09-27,2026-10-27,source_evidence_auto_v2,https://museumofbrands.com/plan-your-visit/getting-here/,ok,venue_own_subtree,reextract 2026-10-07,2026-10-20,automatic refetch before expiry
77bce2c8-f8f5-416b-92c8-c6b070650ac2,Hatfield Park,familyFacilities.freeParking,"""yes""",2026-09-28,2026-09-28,2026-10-28,source_evidence_auto_v2,https://hatfield-house.co.uk/your-visit/opening-times-prices/,ok,venue_own_subtree,reextract 2026-10-07,2026-10-21,automatic refetch before expiry
7cb391bf-e242-4515-9600-f0e90f012cdd,Hatfield Park,familyFacilities.parking,"""yes""",2026-09-28,2026-09-28,2026-10-28,source_evidence_auto_v2,https://hatfield-house.co.uk/your-visit/opening-times-prices/,ok,venue_own_subtree,reextract 2026-10-07,2026-10-21,automatic refetch before expiry
dcd2fef4-2a70-49b7-b177-c50447f1794b,Kentish Town City Farm,accessibility.accessibleToilet,"""yes""",2026-09-29,2026-09-29,2026-10-29,source_evidence_auto_v2,https://ktcityfarm.org.uk/visits/,ok,venue_own_subtree,reextract 2026-10-07,2026-10-22,automatic refetch before expiry
a855805d-8e19-46aa-a36f-eaeec4718bea,Kentish Town City Farm,accessibility.wheelchairAccessible,"""yes""",2026-09-29,2026-09-29,2026-10-29,source_evidence_auto_v2,https://ktcityfarm.org.uk/visits/,ok,venue_own_subtree,reextract 2026-10-07,2026-10-22,automatic refetch before expiry
303bd0ac-4fdf-480c-9788-fec1a55c3c75,Kentish Town City Farm,familyFacilities.freeParking,"""no""",2026-09-29,2026-09-29,2026-10-29,source_evidence_auto_v2,https://ktcityfarm.org.uk/visits/,ok,venue_own_subtree,reextract 2026-10-07,2026-10-22,automatic refetch before expiry
2612896a-3e03-42cf-9cde-3423b2c85252,Kentish Town City Farm,familyFacilities.parking,"""no""",2026-09-29,2026-09-29,2026-10-29,source_evidence_auto_v2,https://ktcityfarm.org.uk/visits/,ok,venue_own_subtree,reextract 2026-10-07,2026-10-22,automatic refetch before expiry
36a822bf-a6d4-4460-b080-6cbecdcccffd,Kentish Town City Farm,familyFacilities.toilets,"""yes""",2026-09-29,2026-09-29,2026-10-29,source_evidence_auto_v2,https://ktcityfarm.org.uk/visits/,ok,venue_own_subtree,reextract 2026-10-07,2026-10-22,automatic refetch before expiry
5144d99c-0ef2-44d4-8ec8-4b7e9680990d,Kentish Town City Farm,pushchairSuitability,"""good""",2026-09-29,2026-09-29,2026-10-29,source_evidence_auto_v2,https://ktcityfarm.org.uk/visits/,ok,venue_own_subtree,reextract 2026-10-07,2026-10-22,automatic refetch before expiry
aff56a72-df7f-485b-9629-e6552ba197af,Ashburton Park,familyFacilities.parking,"""yes""",2026-10-01,2026-10-01,2026-10-31,source_evidence_auto_v2,https://www.croydon.gov.uk/libraries-leisure-and-culture/parks-and-open-spaces/parks-and-playgrounds/parks-and-playgrounds-directory/ashburton-park,ok,venue_own_subtree,reextract 2026-10-07,2026-10-22,automatic refetch before expiry
675e02f4-4349-4127-ab59-a73b134019d0,Ashburton Park,familyFacilities.playground,"""yes""",2026-10-01,2026-10-01,2026-10-31,source_evidence_auto_v2,https://www.croydon.gov.uk/libraries-leisure-and-culture/parks-and-open-spaces/parks-and-playgrounds/parks-and-playgrounds-directory/ashburton-park,ok,venue_own_subtree,reextract 2026-10-07,2026-10-22,automatic refetch before expiry
7d557c13-3b14-4678-b262-655a4a9ce48a,ASK Italian,familyFacilities.babyChanging,"""yes""",2026-10-01,2026-10-01,2026-10-31,source_evidence_auto_v2,https://www.askitalian.co.uk/italian-restaurants/greater-london/london/london-gloucester-arcade,ok,venue_named_page,regenerate 2026-10-01,2026-10-16,automatic refetch before expiry
c2a35979-8dbf-4d92-8098-2f22fd91db8c,Battersea Park,familyFacilities.playground,"""yes""",2026-10-01,2026-10-01,2026-10-31,source_evidence_auto_v2,https://www.wandsworth.gov.uk/leisure-and-culture/parks-and-open-spaces/childrens-playgrounds/battersea-park-playground-for-toddlers-and-juniors/,ok,venue_named_page,reextract 2026-10-07,2026-10-22,automatic refetch before expiry
28b3a6df-b17b-4a86-9e3e-6b2ab3d866a5,Beckenham Place Park,accessibility.accessibleToilet,"""yes""",2026-10-01,2026-10-01,2026-10-31,source_evidence_auto_v2,https://www.beckenhamplacepark.com/faq,ok,venue_own_subtree,reextract 2026-10-07,2026-10-22,automatic refetch before expiry
1f688c12-2456-49ca-b84e-d307b4e331ef,Beckenham Place Park,familyFacilities.babyChanging,"""yes""",2026-10-01,2026-10-01,2026-10-31,source_evidence_auto_v2,https://www.beckenhamplacepark.com/faq,ok,venue_own_subtree,reextract 2026-10-07,2026-10-22,automatic refetch before expiry
7b3c0564-dbf4-43fc-b6ea-b7b85d76a1a7,Beckenham Place Park,familyFacilities.cafe,"""yes""",2026-10-01,2026-10-01,2026-10-31,source_evidence_auto_v2,https://www.beckenhamplacepark.com/visit,ok,venue_own_subtree,reextract 2026-10-07,2026-10-22,automatic refetch before expiry
d7c52bbf-6c11-4fe8-8283-890352dde8ec,Beckenham Place Park,familyFacilities.parking,"""yes""",2026-10-01,2026-10-01,2026-10-31,source_evidence_auto_v2,https://www.beckenhamplacepark.com/faq,ok,venue_own_subtree,reextract 2026-10-07,2026-10-22,automatic refetch before expiry
2cecae50-1e5a-42f7-a628-14528e4f5973,Beckenham Place Park,familyFacilities.playground,"""yes""",2026-10-01,2026-10-01,2026-10-31,source_evidence_auto_v2,https://www.beckenhamplacepark.com/news/preparing-to-visit-bppnbsp,ok,venue_own_subtree,reextract 2026-10-07,2026-10-22,automatic refetch before expiry
d044fed0-e8be-440f-8478-0af204bce889,Beckenham Place Park,familyFacilities.toilets,"""yes""",2026-10-01,2026-10-01,2026-10-31,source_evidence_auto_v2,https://www.beckenhamplacepark.com/news/preparing-to-visit-bppnbsp,ok,venue_own_subtree,reextract 2026-10-07,2026-10-22,automatic refetch before expiry
e6783b97-a9c1-4ba3-9838-75b7e4df879e,Belmont Children's Farm,familyFacilities.cafe,"""yes""",2026-10-01,2026-10-01,2026-10-31,source_evidence_auto_v2,https://www.belmontfarm.co.uk/,ok,venue_own_subtree,reextract 2026-10-07,2026-10-22,automatic refetch before expiry
5ab77150-0ce1-458b-b56a-a6fb9babdd69,Belmont Children's Farm,familyFacilities.parking,"""yes""",2026-10-01,2026-10-01,2026-10-31,source_evidence_auto_v2,https://www.belmontfarm.co.uk/contact,ok,venue_own_subtree,reextract 2026-10-07,2026-10-22,automatic refetch before expiry
2c98e9ee-61e4-4e99-b05f-1efccc057e07,Burgess Park,familyFacilities.playground,"""yes""",2026-10-01,2026-10-01,2026-10-31,source_evidence_auto_v2,https://www.southwark.gov.uk/culture-and-sport/parks-and-open-spaces/find-park/burgess-park,ok,venue_named_page,reextract 2026-10-07,2026-10-22,automatic refetch before expiry
bd36f38b-fe2f-4b52-9731-a0fddc59a022,Burgess Park,familyFacilities.toilets,"""yes""",2026-10-01,2026-10-01,2026-10-31,source_evidence_auto_v2,https://www.southwark.gov.uk/culture-and-sport/parks-and-open-spaces/find-park/burgess-park,ok,venue_named_page,reextract 2026-10-07,2026-10-22,automatic refetch before expiry
2ad716a3-4045-4cfc-b21e-e1374661581e,Chiltern Open Air Museum,accessibility.accessibleToilet,"""yes""",2026-10-01,2026-10-01,2026-10-31,source_evidence_auto_v2,https://www.coam.org.uk/visit,ok,venue_own_subtree,reextract 2026-10-07,2026-10-22,automatic refetch before expiry
f1e6bf6e-fc60-4c42-b264-6f4a81697400,Chiltern Open Air Museum,familyFacilities.cafe,"""yes""",2026-10-01,2026-10-01,2026-10-31,source_evidence_auto_v2,https://www.coam.org.uk/accessibility,ok,venue_own_subtree,reextract 2026-10-07,2026-10-22,automatic refetch before expiry
84faa47b-d1ca-46a2-9ada-f77a6eb3ba1b,Chiltern Open Air Museum,familyFacilities.parking,"""yes""",2026-10-01,2026-10-01,2026-10-31,source_evidence_auto_v2,https://www.coam.org.uk/visit,ok,venue_own_subtree,reextract 2026-10-07,2026-10-22,automatic refetch before expiry
9f0ef08b-a17d-46aa-9b13-8a0ffb229284,Chiltern Open Air Museum,familyFacilities.playground,"""yes""",2026-10-01,2026-10-01,2026-10-31,source_evidence_auto_v2,https://www.coam.org.uk/planyourvisit,ok,venue_own_subtree,reextract 2026-10-07,2026-10-22,automatic refetch before expiry
06a21b64-f083-4107-94d5-9aed6de86902,Chiltern Open Air Museum,familyFacilities.toilets,"""yes""",2026-10-01,2026-10-01,2026-10-31,source_evidence_auto_v2,https://www.coam.org.uk/accessibility,ok,venue_own_subtree,reextract 2026-10-07,2026-10-22,automatic refetch before expiry
202107f0-507b-4496-bdac-cda528bc029f,Chiswick House,familyFacilities.babyChanging,"""yes""",2026-10-01,2026-10-01,2026-10-31,source_evidence_auto_v2,https://chiswickhouseandgardens.org.uk/plan-your-visit/family-activities/,ok,venue_own_subtree,reextract 2026-10-07,2026-10-22,automatic refetch before expiry
893aa743-0603-4638-b83e-a0c6231669fc,Chiswick House,familyFacilities.cafe,"""yes""",2026-10-01,2026-10-01,2026-10-31,source_evidence_auto_v2,https://chiswickhouseandgardens.org.uk/plan-your-visit/family-activities/,ok,venue_own_subtree,reextract 2026-10-07,2026-10-22,automatic refetch before expiry
479faaf5-00fb-4671-9535-7123c36ac37b,Chiswick House,familyFacilities.freeParking,"""no""",2026-10-01,2026-10-01,2026-10-31,source_evidence_auto_v2,https://chiswickhouseandgardens.org.uk/plan-your-visit/getting-to-chiswick-house/,ok,venue_own_subtree,reextract 2026-10-07,2026-10-22,automatic refetch before expiry
45ffc153-6f18-4d9f-99d5-d23894d789fc,Chiswick House,familyFacilities.playground,"""yes""",2026-10-01,2026-10-01,2026-10-31,source_evidence_auto_v2,https://chiswickhouseandgardens.org.uk/plan-your-visit/family-activities/,ok,venue_own_subtree,reextract 2026-10-07,2026-10-22,automatic refetch before expiry
37289a2e-6573-4d31-b9a1-c22543a8254f,Chiswick House,pushchairSuitability,"""mixed""",2026-10-01,2026-10-01,2026-10-31,source_evidence_auto_v2,https://chiswickhouseandgardens.org.uk/plan-your-visit/family-activities/,ok,venue_own_subtree,reextract 2026-10-07,2026-10-22,automatic refetch before expiry
572d88a7-f0e2-49af-89c3-9fd0849d50be,Colne Valley Regional Park,familyFacilities.babyChanging,"""yes""",2026-10-01,2026-10-01,2026-10-31,source_evidence_auto_v2,https://www.colnevalleypark.org.uk/visitor-centre/,ok,venue_own_subtree,reextract 2026-10-07,2026-10-22,automatic refetch before expiry
edc18669-8938-4575-be32-6274c971eebb,Colne Valley Regional Park,familyFacilities.freeParking,"""no""",2026-10-01,2026-10-01,2026-10-31,source_evidence_auto_v2,https://www.colnevalleypark.org.uk/visitor-centre/,ok,venue_own_subtree,reextract 2026-10-07,2026-10-22,automatic refetch before expiry
eabed57d-f4e9-45a7-a8b6-f2746451cb89,Colne Valley Regional Park,familyFacilities.parking,"""no""",2026-10-01,2026-10-01,2026-10-31,source_evidence_auto_v2,https://www.colnevalleypark.org.uk/visitor-centre/,ok,venue_own_subtree,reextract 2026-10-07,2026-10-22,automatic refetch before expiry
03705c1a-7376-42d8-aa31-c4a3ed6503d2,Colne Valley Regional Park,familyFacilities.playground,"""yes""",2026-10-01,2026-10-01,2026-10-31,source_evidence_auto_v2,https://www.colnevalleypark.org.uk/visitor-centre/birthday-parties/,ok,venue_own_subtree,reextract 2026-10-07,2026-10-22,automatic refetch before expiry
737abaaf-4044-49c5-9f98-49339f895c0b,Colne Valley Regional Park,familyFacilities.toilets,"""yes""",2026-10-01,2026-10-01,2026-10-31,source_evidence_auto_v2,https://www.colnevalleypark.org.uk/visitor-centre/,ok,venue_own_subtree,reextract 2026-10-07,2026-10-22,automatic refetch before expiry
c3fa6bfb-f37e-4ded-9969-031c1e3b43ea,Cutty Sark,accessibility.accessibleToilet,"""yes""",2026-10-01,2026-10-01,2026-10-31,source_evidence_auto_v2,https://www.rmg.co.uk/plan-your-visit/accessibility-cutty-sark,ok,venue_named_page,reextract 2026-10-07,2026-10-22,automatic refetch before expiry
99e2d652-626f-4430-ab7a-a99959d2ea27,De Havilland Aircraft Museum,accessibility.accessibleToilet,"""yes""",2026-10-01,2026-10-01,2026-10-31,source_evidence_auto_v2,https://www.dehavillandmuseum.co.uk/visit-us/,ok,venue_own_subtree,reextract 2026-10-07,2026-10-22,automatic refetch before expiry
ad7a16dd-cf40-425b-b860-a8699cf981b8,De Havilland Aircraft Museum,familyFacilities.cafe,"""yes""",2026-10-01,2026-10-01,2026-10-31,source_evidence_auto_v2,https://www.dehavillandmuseum.co.uk/visit-us/,ok,venue_own_subtree,reextract 2026-10-07,2026-10-22,automatic refetch before expiry
2bb05f4b-bf32-4600-920e-0a492679e750,De Havilland Aircraft Museum,familyFacilities.freeParking,"""yes""",2026-10-01,2026-10-01,2026-10-31,source_evidence_auto_v2,https://www.dehavillandmuseum.co.uk/venue-hire/,ok,venue_own_subtree,reextract 2026-10-07,2026-10-22,automatic refetch before expiry
b17645b1-567f-476c-819b-8afdb9136d5a,De Havilland Aircraft Museum,familyFacilities.parking,"""yes""",2026-10-01,2026-10-01,2026-10-31,source_evidence_auto_v2,https://www.dehavillandmuseum.co.uk/venue-hire/,ok,venue_own_subtree,reextract 2026-10-07,2026-10-22,automatic refetch before expiry
a54f24be-476c-4932-b5e4-a55a07ffbabb,De Havilland Aircraft Museum,familyFacilities.playground,"""yes""",2026-10-01,2026-10-01,2026-10-31,source_evidence_auto_v2,https://www.dehavillandmuseum.co.uk/visit-us/,ok,venue_own_subtree,reextract 2026-10-07,2026-10-22,automatic refetch before expiry
2e550026-3d51-4d18-8252-ebe95e5625ce,De Havilland Aircraft Museum,familyFacilities.toilets,"""yes""",2026-10-01,2026-10-01,2026-10-31,source_evidence_auto_v2,https://www.dehavillandmuseum.co.uk/visit-us/,ok,venue_own_subtree,reextract 2026-10-07,2026-10-22,automatic refetch before expiry
85b1ab8e-2e02-40d1-9089-c5e3044fec7f,Diana Princess of Wales Memorial Playground,familyFacilities.playground,"""yes""",2026-10-01,2026-10-01,2026-10-31,source_evidence_auto_v2,https://www.royalparks.org.uk/visit/parks/kensington-gardens/diana-memorial-playground/playground-renewal,ok,venue_own_subtree,reextract 2026-10-07,2026-10-22,automatic refetch before expiry
6cd2c5ea-5ef9-4eb1-993b-a20191197325,Dulwich Park,familyFacilities.playground,"""yes""",2026-10-01,2026-10-01,2026-10-31,source_evidence_auto_v2,https://dulwichparkfriends.org.uk/the-park/map-of-the-park/,ok,venue_own_subtree,reextract 2026-10-07,2026-10-22,automatic refetch before expiry
9e83ea61-bcd3-4b0e-9ebb-6716d352dbd9,Flip Out Brent Cross,accessibility.wheelchairAccessible,"""yes""",2026-10-01,2026-10-01,2026-10-31,source_evidence_auto_v2,https://www.flipout.co.uk/locations/brent-cross/frequently-asked-questions,ok,venue_own_subtree,reextract 2026-10-07,2026-10-22,automatic refetch before expiry
d91e0314-9aaf-400d-a421-664b443445d9,Flip Out Brent Cross,familyFacilities.parking,"""no""",2026-10-01,2026-10-01,2026-10-31,source_evidence_auto_v2,https://www.flipout.co.uk/locations/brent-cross/frequently-asked-questions,ok,venue_own_subtree,reextract 2026-10-07,2026-10-22,automatic refetch before expiry
5c2456d6-ebba-442b-8f80-bce28a143a50,Flip Out Canary Wharf,familyFacilities.parking,"""yes""",2026-10-01,2026-10-01,2026-10-31,source_evidence_auto_v2,https://www.flipout.co.uk/locations/canary-wharf/frequently-asked-questions,ok,venue_own_subtree,reextract 2026-10-07,2026-10-22,automatic refetch before expiry
24ef02f6-39aa-424d-ae40-2f2fad42fbb0,Flip Out Watford,accessibility.accessibleToilet,"""yes""",2026-10-01,2026-10-01,2026-10-31,source_evidence_auto_v2,https://www.flipout.co.uk/locations/watford/frequently-asked-questions,ok,venue_own_subtree,reextract 2026-10-07,2026-10-22,automatic refetch before expiry
8adbd26b-4b74-48fc-8db9-11ba1a1d441a,Flip Out Watford,accessibility.wheelchairAccessible,"""yes""",2026-10-01,2026-10-01,2026-10-31,source_evidence_auto_v2,https://www.flipout.co.uk/locations/watford/frequently-asked-questions,ok,venue_own_subtree,reextract 2026-10-07,2026-10-22,automatic refetch before expiry
497a0222-5a37-43ed-a386-06d633d2f7ef,Flip Out Watford,familyFacilities.babyChanging,"""yes""",2026-10-01,2026-10-01,2026-10-31,source_evidence_auto_v2,https://www.flipout.co.uk/locations/watford/frequently-asked-questions,ok,venue_own_subtree,reextract 2026-10-07,2026-10-22,automatic refetch before expiry
e32606f9-4324-4fd3-83b7-6f2e79081d87,Flip Out Watford,pushchairSuitability,"""good""",2026-10-01,2026-10-01,2026-10-31,source_evidence_auto_v2,https://www.flipout.co.uk/locations/watford/frequently-asked-questions,ok,venue_own_subtree,reextract 2026-10-07,2026-10-22,automatic refetch before expiry
112b0b77-ce21-4e48-9ea9-7879529dc2ea,Frameless,accessibility.accessibleToilet,"""yes""",2026-10-01,2026-10-01,2026-10-31,source_evidence_auto_v2,https://frameless.com/accessibility/chilled-sessions/,ok,venue_own_subtree,reextract 2026-10-07,2026-10-22,automatic refetch before expiry
13b70300-6e47-4bd9-a51a-7b7df87677bc,Frameless,accessibility.wheelchairAccessible,"""yes""",2026-10-01,2026-10-01,2026-10-31,source_evidence_auto_v2,https://frameless.com/accessibility/,ok,venue_own_subtree,reextract 2026-10-07,2026-10-22,automatic refetch before expiry
a399ebae-11d9-4632-b3f2-8e29c354afba,Frameless,familyFacilities.cafe,"""yes""",2026-10-01,2026-10-01,2026-10-31,source_evidence_auto_v2,https://frameless.com/accessibility/,ok,venue_own_subtree,reextract 2026-10-07,2026-10-22,automatic refetch before expiry
ac053700-43e8-4f76-b62d-c58532742bd7,Gladstone Park,familyFacilities.cafe,"""yes""",2026-10-01,2026-10-01,2026-10-31,source_evidence_auto_v2,https://www.brent.gov.uk/parks-leisure-and-healthy-living/parks-and-open-spaces/park-finder/gladstone-park,ok,venue_own_subtree,reextract 2026-10-07,2026-10-22,automatic refetch before expiry
1da63621-5c9d-4350-8651-5284eee7a3a1,Gladstone Park,familyFacilities.parking,"""yes""",2026-10-01,2026-10-01,2026-10-31,source_evidence_auto_v2,https://www.brent.gov.uk/parks-leisure-and-healthy-living/parks-and-open-spaces/park-finder/gladstone-park,ok,venue_own_subtree,reextract 2026-10-07,2026-10-22,automatic refetch before expiry
787b840b-2f66-4b0e-92e5-3b0fa45e1678,Gladstone Park,familyFacilities.playground,"""yes""",2026-10-01,2026-10-01,2026-10-31,source_evidence_auto_v2,https://www.brent.gov.uk/parks-leisure-and-healthy-living/parks-and-open-spaces/park-finder/gladstone-park,ok,venue_own_subtree,reextract 2026-10-07,2026-10-22,automatic refetch before expiry
c94daf6c-4960-4b26-a056-d597be19d98e,Golders Hill Park,accessibility.accessibleToilet,"""yes""",2026-10-01,2026-10-01,2026-10-31,source_evidence_auto_v2,https://www.cityoflondon.gov.uk/things-to-do/green-spaces/hampstead-heath/where-to-go-at-hampstead-heath/golders-hill-park,fetched_truncated,venue_own_subtree,reextract 2026-10-07,2026-10-22,automatic refetch before expiry
96a1a483-0f87-4913-bcb3-93c00e5b1701,Golders Hill Park,familyFacilities.babyChanging,"""yes""",2026-10-01,2026-10-01,2026-10-31,source_evidence_auto_v2,https://www.cityoflondon.gov.uk/things-to-do/green-spaces/hampstead-heath/where-to-go-at-hampstead-heath/golders-hill-park,fetched_truncated,venue_own_subtree,reextract 2026-10-07,2026-10-22,automatic refetch before expiry
63c51887-c3b7-4ba7-990d-ee5de9b19aa6,Golders Hill Park,familyFacilities.cafe,"""yes""",2026-10-01,2026-10-01,2026-10-31,source_evidence_auto_v2,https://www.cityoflondon.gov.uk/things-to-do/green-spaces/hampstead-heath/where-to-go-at-hampstead-heath/golders-hill-park,fetched_truncated,venue_own_subtree,reextract 2026-10-07,2026-10-22,automatic refetch before expiry
e6bab094-f489-4110-89c4-2b786d56cffb,Golders Hill Park,familyFacilities.playground,"""yes""",2026-10-01,2026-10-01,2026-10-31,source_evidence_auto_v2,https://www.cityoflondon.gov.uk/things-to-do/green-spaces/hampstead-heath/where-to-go-at-hampstead-heath/golders-hill-park,fetched_truncated,venue_own_subtree,reextract 2026-10-07,2026-10-22,automatic refetch before expiry
a83009fa-63c8-4094-9e46-9b503a0ec717,Golders Hill Park,familyFacilities.toilets,"""yes""",2026-10-01,2026-10-01,2026-10-31,source_evidence_auto_v2,https://www.cityoflondon.gov.uk/things-to-do/green-spaces/hampstead-heath/where-to-go-at-hampstead-heath/golders-hill-park,fetched_truncated,venue_own_subtree,reextract 2026-10-07,2026-10-22,automatic refetch before expiry
54fdf73e-a7a4-44da-8d79-59179a5a8125,Hackney City Farm,familyFacilities.parking,"""no""",2026-10-01,2026-10-01,2026-10-31,source_evidence_auto_v2,https://hackneycityfarm.co.uk/contact/,ok,venue_own_subtree,reextract 2026-10-07,2026-10-20,automatic refetch before expiry
f375ab4d-1df0-4cac-823e-14fc8159cdd9,Hampstead Heath,accessibility.accessibleToilet,"""yes""",2026-10-01,2026-10-01,2026-10-31,source_evidence_auto_v2,https://www.cityoflondon.gov.uk/things-to-do/green-spaces/hampstead-heath/hampstead-heath-accessibility,fetched_truncated,venue_own_subtree,reextract 2026-10-07,2026-10-22,automatic refetch before expiry
b776bf25-2ead-4281-9c78-8f8f9f9a03da,Hampstead Heath,familyFacilities.babyChanging,"""yes""",2026-10-01,2026-10-01,2026-10-31,source_evidence_auto_v2,https://www.cityoflondon.gov.uk/things-to-do/green-spaces/hampstead-heath/hampstead-heath-accessibility,fetched_truncated,venue_own_subtree,reextract 2026-10-07,2026-10-22,automatic refetch before expiry
924e5d59-9220-442e-a734-6521b3f9e3c1,Hampstead Heath,familyFacilities.toilets,"""yes""",2026-10-01,2026-10-01,2026-10-31,source_evidence_auto_v2,https://www.cityoflondon.gov.uk/things-to-do/green-spaces/hampstead-heath/hampstead-heath-accessibility,fetched_truncated,venue_own_subtree,reextract 2026-10-07,2026-10-22,automatic refetch before expiry
cd0cbe87-5647-4c2c-8a25-df457243f1cc,Harry Potter Studio,accessibility.accessibleToilet,"""yes""",2026-10-01,2026-10-01,2026-10-31,source_evidence_auto_v2,https://www.wbstudiotour.co.uk/plan-your-visit/facilities/,ok,venue_own_subtree,reextract 2026-10-07,2026-10-22,automatic refetch before expiry
104e3943-2690-4d77-b137-0d9dc7bffd5b,Harry Potter Studio,familyFacilities.babyChanging,"""yes""",2026-10-01,2026-10-01,2026-10-31,source_evidence_auto_v2,https://www.wbstudiotour.co.uk/plan-your-visit/facilities/,ok,venue_own_subtree,reextract 2026-10-07,2026-10-22,automatic refetch before expiry
3fe0db3e-e5cf-4b70-a7ad-69234eddc26d,Harry Potter Studio,familyFacilities.cafe,"""yes""",2026-10-01,2026-10-01,2026-10-31,source_evidence_auto_v2,https://www.wbstudiotour.co.uk/plan-your-visit/facilities/,ok,venue_own_subtree,reextract 2026-10-07,2026-10-22,automatic refetch before expiry
925d1389-40af-43cd-b080-ea16eb308340,Harry Potter Studio,familyFacilities.freeParking,"""yes""",2026-10-01,2026-10-01,2026-10-31,source_evidence_auto_v2,https://www.wbstudiotour.co.uk/plan-your-visit/getting-here/,ok,venue_own_subtree,reextract 2026-10-07,2026-10-22,automatic refetch before expiry
ab338f51-6d56-4d9b-b33c-9220b698c621,Harry Potter Studio,familyFacilities.parking,"""yes""",2026-10-01,2026-10-01,2026-10-31,source_evidence_auto_v2,https://www.wbstudiotour.co.uk/plan-your-visit/getting-here/,ok,venue_own_subtree,reextract 2026-10-07,2026-10-22,automatic refetch before expiry
d181fccb-fa96-47fa-9b2b-4f5df273987c,Harry Potter Studio,familyFacilities.toilets,"""yes""",2026-10-01,2026-10-01,2026-10-31,source_evidence_auto_v2,https://www.wbstudiotour.co.uk/plan-your-visit/facilities/,ok,venue_own_subtree,reextract 2026-10-07,2026-10-22,automatic refetch before expiry
de5a6564-ca4d-44a6-b1e7-57fb24faaed8,Hillside Gardens Park,familyFacilities.playground,"""yes""",2026-10-01,2026-10-01,2026-10-31,source_evidence_auto_v2,https://www.lambeth.gov.uk/parks/hillside-gardens-park,ok,venue_own_subtree,reextract 2026-10-07,2026-10-22,automatic refetch before expiry
c4eb182a-f220-4478-acc4-d5bd07db9166,Horniman Museum and Gardens,accessibility.accessibleToilet,"""yes""",2026-10-01,2026-10-01,2026-10-31,source_evidence_auto_v2,https://www.horniman.ac.uk/plan-your-visit/food-drink/,ok,venue_own_subtree,reextract 2026-10-07,2026-10-22,automatic refetch before expiry
14cf3e9a-9423-4dc4-a069-63cbcbaa823a,Horniman Museum and Gardens,familyFacilities.babyChanging,"""yes""",2026-10-01,2026-10-01,2026-10-31,source_evidence_auto_v2,https://www.horniman.ac.uk/plan-your-visit/food-drink/,ok,venue_own_subtree,reextract 2026-10-07,2026-10-22,automatic refetch before expiry
5194fa35-ce7d-47d4-a2bc-ff76aec761e3,Horniman Museum and Gardens,familyFacilities.cafe,"""yes""",2026-10-01,2026-10-01,2026-10-31,source_evidence_auto_v2,https://www.horniman.ac.uk/plan-your-visit/food-drink/,ok,venue_own_subtree,reextract 2026-10-07,2026-10-22,automatic refetch before expiry
a60c37b4-2b98-4bb3-8a82-865f3084bc0a,Horniman Museum and Gardens,familyFacilities.playground,"""yes""",2026-10-01,2026-10-01,2026-10-31,source_evidence_auto_v2,https://www.horniman.ac.uk/plan-your-visit/food-drink/,ok,venue_own_subtree,reextract 2026-10-07,2026-10-22,automatic refetch before expiry
aaee636a-43f0-471c-ac7d-6852cfd61340,Horniman Museum and Gardens,familyFacilities.toilets,"""yes""",2026-10-01,2026-10-01,2026-10-31,source_evidence_auto_v2,https://www.horniman.ac.uk/plan-your-visit/,ok,venue_own_subtree,reextract 2026-10-07,2026-10-22,automatic refetch before expiry
a7aff54e-b463-482c-af3d-25d60c40bd4e,Hyde Park Corner,accessibility.wheelchairAccessible,"""no""",2026-10-01,2026-10-01,2026-10-31,source_evidence_auto_v2,https://www.westminster.gov.uk/westminster-parks-and-open-spaces/hyde-park-corner,ok,venue_own_subtree,reextract 2026-10-07,2026-10-22,automatic refetch before expiry
c22581df-0c9e-4188-8701-1d81d9570383,Kensington Gardens,familyFacilities.playground,"""yes""",2026-10-01,2026-10-01,2026-10-31,source_evidence_auto_v2,https://www.royalparks.org.uk/visit/parks/kensington-gardens,ok,venue_own_subtree,reextract 2026-10-07,2026-10-22,automatic refetch before expiry
dea03729-5e00-484d-a365-d820a67f3829,London Eye,accessibility.accessibleToilet,"""yes""",2026-10-01,2026-10-01,2026-10-31,source_evidence_auto_v2,https://www.londoneye.com/plan-your-visit/information-and-support/faqs/,ok,venue_own_subtree,reextract 2026-10-07,2026-10-22,automatic refetch before expiry
b976f758-b866-4ace-a280-22a83512e5e1,London Eye,familyFacilities.babyChanging,"""yes""",2026-10-01,2026-10-01,2026-10-31,source_evidence_auto_v2,https://www.londoneye.com/plan-your-visit/information-and-support/faqs/,ok,venue_own_subtree,reextract 2026-10-07,2026-10-22,automatic refetch before expiry
78db46d7-e07a-49d0-82b9-6f340bf2f53a,London Eye,familyFacilities.parking,"""no""",2026-10-01,2026-10-01,2026-10-31,source_evidence_auto_v2,https://www.londoneye.com/plan-your-visit/information-and-support/faqs/,ok,venue_own_subtree,reextract 2026-10-07,2026-10-22,automatic refetch before expiry
dd79f3bd-87a9-4d86-8ebd-83812bc07813,London Eye,familyFacilities.toilets,"""yes""",2026-10-01,2026-10-01,2026-10-31,source_evidence_auto_v2,https://www.londoneye.com/plan-your-visit/information-and-support/faqs/,ok,venue_own_subtree,reextract 2026-10-07,2026-10-22,automatic refetch before expiry
589ed520-6f9e-4ffd-9fd0-9c2988ac5356,London Eye,pushchairSuitability,"""mixed""",2026-10-01,2026-10-01,2026-10-31,source_evidence_auto_v2,https://www.londoneye.com/plan-your-visit/information-and-support/faqs/,ok,venue_own_subtree,reextract 2026-10-07,2026-10-22,automatic refetch before expiry
cdd21d50-3620-4adc-bf7d-8fa760ce0c89,London Fields,accessibility.accessibleToilet,"""yes""",2026-10-01,2026-10-01,2026-10-31,source_evidence_auto_v2,https://www.hackney.gov.uk/libraries-parks-and-leisure/parks-and-green-spaces/parks-list/london-fields,ok,venue_named_page,reextract 2026-10-07,2026-10-22,automatic refetch before expiry
58df8361-ed59-456b-aeac-f8d48981a773,London Fields,familyFacilities.cafe,"""yes""",2026-10-01,2026-10-01,2026-10-31,source_evidence_auto_v2,https://www.hackney.gov.uk/libraries-parks-and-leisure/parks-and-green-spaces/parks-list/london-fields,ok,venue_named_page,reextract 2026-10-07,2026-10-22,automatic refetch before expiry
6e7311e2-a3d4-428c-a427-1675065e5d13,London Fields,familyFacilities.playground,"""yes""",2026-10-01,2026-10-01,2026-10-31,source_evidence_auto_v2,https://www.hackney.gov.uk/libraries-parks-and-leisure/parks-and-green-spaces/parks-list/london-fields,ok,venue_named_page,reextract 2026-10-07,2026-10-22,automatic refetch before expiry
09b5afa2-bb06-4aba-a665-08cc6d14dc19,London Fields,familyFacilities.toilets,"""yes""",2026-10-01,2026-10-01,2026-10-31,source_evidence_auto_v2,https://www.hackney.gov.uk/libraries-parks-and-leisure/parks-and-green-spaces/parks-list/london-fields,ok,venue_named_page,reextract 2026-10-07,2026-10-22,automatic refetch before expiry
3360a51d-f207-4e18-bf54-52725080aa3f,London Museum Docklands,familyFacilities.babyChanging,"""yes""",2026-10-01,2026-10-01,2026-10-31,source_evidence_auto_v2,https://www.londonmuseum.org.uk/docklands/visit/shop-eat-drink/,ok,venue_own_subtree,reextract 2026-10-07,2026-10-22,automatic refetch before expiry
30f20c90-175a-4d76-acbf-6f48ab494f11,London Museum Docklands,familyFacilities.cafe,"""yes""",2026-10-01,2026-10-01,2026-10-31,source_evidence_auto_v2,https://www.londonmuseum.org.uk/docklands/visit/shop-eat-drink/,ok,venue_own_subtree,reextract 2026-10-07,2026-10-22,automatic refetch before expiry
13fda0c5-f869-47d2-b9b1-54ff935a1b98,London Museum Docklands,familyFacilities.parking,"""no""",2026-10-01,2026-10-01,2026-10-31,source_evidence_auto_v2,https://www.londonmuseum.org.uk/docklands/visit/,ok,venue_own_subtree,reextract 2026-10-07,2026-10-22,automatic refetch before expiry
43373a8d-b94d-4c47-9eb3-23ce25f21833,Mayow Park,familyFacilities.cafe,"""yes""",2026-10-01,2026-10-01,2026-10-31,source_evidence_auto_v2,https://lewisham.gov.uk/inmyarea/openspaces/parks/mayow-park,ok,venue_own_subtree,reextract 2026-10-07,2026-10-22,automatic refetch before expiry
92162787-e2ea-4f00-bb9f-4f691e8811a0,Mayow Park,familyFacilities.playground,"""yes""",2026-10-01,2026-10-01,2026-10-31,source_evidence_auto_v2,https://lewisham.gov.uk/inmyarea/openspaces/parks/mayow-park,ok,venue_own_subtree,reextract 2026-10-07,2026-10-22,automatic refetch before expiry
86de2203-3d02-452b-8da7-de374c7f1297,Mudchute Park and Farm,accessibility.accessibleToilet,"""yes""",2026-10-01,2026-10-01,2026-10-31,source_evidence_auto_v2,https://www.mudchute.org/plan-your-visit/facilities,ok,venue_own_subtree,reextract 2026-10-07,2026-10-22,automatic refetch before expiry
ed03f595-39b7-44d4-bde3-cb261478ce24,Mudchute Park and Farm,familyFacilities.babyChanging,"""yes""",2026-10-01,2026-10-01,2026-10-31,source_evidence_auto_v2,https://www.mudchute.org/plan-your-visit/facilities,ok,venue_own_subtree,reextract 2026-10-07,2026-10-22,automatic refetch before expiry
6b501c50-83af-4439-abc3-64d629f5cdae,Mudchute Park and Farm,familyFacilities.cafe,"""yes""",2026-10-01,2026-10-01,2026-10-31,source_evidence_auto_v2,https://www.mudchute.org/plan-your-visit/faq,ok,venue_own_subtree,reextract 2026-10-07,2026-10-22,automatic refetch before expiry
7d9f84e9-8e47-448a-98ef-1939cceae347,Nando's,familyFacilities.babyChanging,"""yes""",2026-10-01,2026-10-01,2026-10-31,source_evidence_auto_v2,https://www.nandos.co.uk/restaurants/finchley-great-north-leisure,ok,venue_own_subtree,regenerate 2026-10-01,2026-10-16,automatic refetch before expiry
e230861d-8651-452e-baed-1e9df4309fc6,National Maritime Museum,accessibility.accessibleToilet,"""yes""",2026-10-01,2026-10-01,2026-10-31,source_evidence_auto_v2,https://www.rmg.co.uk/plan-your-visit/accessibility-national-maritime-museum,ok,venue_named_page,reextract 2026-10-07,2026-10-22,automatic refetch before expiry
83364de2-9fbb-4600-bb01-1309e20f8b28,National Maritime Museum,familyFacilities.babyChanging,"""yes""",2026-10-01,2026-10-01,2026-10-31,source_evidence_auto_v2,https://www.rmg.co.uk/plan-your-visit/accessibility-national-maritime-museum,ok,venue_named_page,reextract 2026-10-07,2026-10-22,automatic refetch before expiry
948ed517-a172-486c-8929-3aca39f82f9f,National Maritime Museum,familyFacilities.cafe,"""yes""",2026-10-01,2026-10-01,2026-10-31,source_evidence_auto_v2,https://www.rmg.co.uk/plan-your-visit/accessibility-national-maritime-museum,ok,venue_named_page,reextract 2026-10-07,2026-10-22,automatic refetch before expiry
e063d047-88c0-460b-abe2-75c01c22b853,National Maritime Museum,familyFacilities.playground,"""yes""",2026-10-01,2026-10-01,2026-10-31,source_evidence_auto_v2,https://www.rmg.co.uk/national-maritime-museum,ok,venue_own_subtree,reextract 2026-10-07,2026-10-22,automatic refetch before expiry
d759006a-e6d3-488f-b381-2d05b5dd6eed,National Maritime Museum,familyFacilities.toilets,"""yes""",2026-10-01,2026-10-01,2026-10-31,source_evidence_auto_v2,https://www.rmg.co.uk/plan-your-visit/accessibility-national-maritime-museum,ok,venue_named_page,reextract 2026-10-07,2026-10-22,automatic refetch before expiry
dbe7a767-4176-47e3-9002-844a423ba455,Northala Fields,familyFacilities.playground,"""yes""",2026-10-01,2026-10-01,2026-10-31,source_evidence_auto_v2,https://www.ealing.gov.uk/info/201136/parks_in_the_borough/663/greenford_parks/2,ok,venue_own_subtree,reextract 2026-10-07,2026-10-22,automatic refetch before expiry
4f92269d-66d4-42e8-9749-155098741ce9,Northala Fields,familyFacilities.toilets,"""yes""",2026-10-01,2026-10-01,2026-10-31,source_evidence_auto_v2,https://www.ealing.gov.uk/info/201136/parks_in_the_borough/663/greenford_parks/2,ok,venue_own_subtree,reextract 2026-10-07,2026-10-22,automatic refetch before expiry
e0257c3f-8036-4517-b977-b983c3465115,Paradox Museum London,pushchairSuitability,"""difficult""",2026-10-01,2026-10-01,2026-10-31,source_evidence_auto_v2,https://paradoxmuseum.com/london/?utm_source=google&utm_medium=localcards,ok,venue_own_subtree,reextract 2026-10-07,2026-10-22,automatic refetch before expiry
9576b5fb-1505-4b22-b953-b9b70a688013,Queen Elizabeth Olympic Park,familyFacilities.cafe,"""yes""",2026-10-01,2026-10-01,2026-10-31,source_evidence_auto_v2,https://www.queenelizabetholympicpark.co.uk/plan-your-visit/where-stay,ok,venue_own_subtree,reextract 2026-10-07,2026-10-22,automatic refetch before expiry
be6f2b75-2265-4e2a-ae87-1e7021c5eb9b,Queen Elizabeth Olympic Park,familyFacilities.freeParking,"""no""",2026-10-01,2026-10-01,2026-10-31,source_evidence_auto_v2,https://www.queenelizabetholympicpark.co.uk/plan-your-visit/getting-here,ok,venue_own_subtree,reextract 2026-10-07,2026-10-22,automatic refetch before expiry
37cf3fa6-7b0f-4905-b2e8-9b3dbd85cead,Queen Elizabeth Olympic Park,familyFacilities.parking,"""yes""",2026-10-01,2026-10-01,2026-10-31,source_evidence_auto_v2,https://www.queenelizabetholympicpark.co.uk/plan-your-visit/getting-here,ok,venue_own_subtree,reextract 2026-10-07,2026-10-22,automatic refetch before expiry
1924e503-3f69-437f-a512-b79c8b5adc81,Queen Elizabeth Olympic Park,familyFacilities.playground,"""yes""",2026-10-01,2026-10-01,2026-10-31,source_evidence_auto_v2,https://www.queenelizabetholympicpark.co.uk/plan-your-visit/where-stay,ok,venue_own_subtree,reextract 2026-10-07,2026-10-22,automatic refetch before expiry
baf5ffbd-08c7-435e-986c-08e911889d63,Queen's House,accessibility.accessibleToilet,"""yes""",2026-10-01,2026-10-01,2026-10-31,source_evidence_auto_v2,https://www.rmg.co.uk/plan-your-visit/accessibility-queens-house,ok,venue_named_page,reextract 2026-10-07,2026-10-22,automatic refetch before expiry
1eecc3ea-fe03-424b-baae-2fc41e14c494,Queen's House,familyFacilities.toilets,"""yes""",2026-10-01,2026-10-01,2026-10-31,source_evidence_auto_v2,https://www.rmg.co.uk/plan-your-visit/accessibility-queens-house,ok,venue_named_page,reextract 2026-10-07,2026-10-22,automatic refetch before expiry
dfdc250e-cfac-49a5-9931-98a4fe7ef220,Rickmansworth Aquadrome,accessibility.accessibleToilet,"""yes""",2026-10-01,2026-10-01,2026-10-31,source_evidence_auto_v2,https://www.threerivers.gov.uk/services/leisure-parks-culture/parks-open-spaces/rickmansworth-aquadrome,ok,venue_own_subtree,reextract 2026-10-07,2026-10-22,automatic refetch before expiry
f1f7a613-88ce-4cac-9e72-cdaaf82d0af7,Rickmansworth Aquadrome,familyFacilities.cafe,"""yes""",2026-10-01,2026-10-01,2026-10-31,source_evidence_auto_v2,https://www.threerivers.gov.uk/services/leisure-parks-culture/parks-open-spaces/rickmansworth-aquadrome,ok,venue_own_subtree,reextract 2026-10-07,2026-10-22,automatic refetch before expiry
62f3ef65-ab6a-4dd6-aa43-b2aefdf87da0,Rickmansworth Aquadrome,familyFacilities.freeParking,"""yes""",2026-10-01,2026-10-01,2026-10-31,source_evidence_auto_v2,https://www.threerivers.gov.uk/services/leisure-parks-culture/parks-open-spaces/rickmansworth-aquadrome,ok,venue_own_subtree,reextract 2026-10-07,2026-10-22,automatic refetch before expiry
9b095f86-4c8d-4f99-a7b8-6728d3ced19e,Rickmansworth Aquadrome,familyFacilities.parking,"""yes""",2026-10-01,2026-10-01,2026-10-31,source_evidence_auto_v2,https://www.threerivers.gov.uk/services/leisure-parks-culture/parks-open-spaces/rickmansworth-aquadrome,ok,venue_own_subtree,reextract 2026-10-07,2026-10-22,automatic refetch before expiry
3cdd1ed3-7d7b-4799-98eb-ad987534e5ec,Rickmansworth Aquadrome,familyFacilities.playground,"""yes""",2026-10-01,2026-10-01,2026-10-31,source_evidence_auto_v2,https://www.threerivers.gov.uk/services/leisure-parks-culture/parks-open-spaces/rickmansworth-aquadrome,ok,venue_own_subtree,reextract 2026-10-07,2026-10-22,automatic refetch before expiry
5e61c2ac-5298-46a8-bc87-82d37b066fcf,Rickmansworth Aquadrome,familyFacilities.toilets,"""yes""",2026-10-01,2026-10-01,2026-10-31,source_evidence_auto_v2,https://www.threerivers.gov.uk/services/leisure-parks-culture/parks-open-spaces/rickmansworth-aquadrome,ok,venue_own_subtree,reextract 2026-10-07,2026-10-22,automatic refetch before expiry
af2d239e-11aa-4f7b-832b-ed0c54182e9e,Saatchi Gallery,accessibility.accessibleToilet,"""yes""",2026-10-01,2026-10-01,2026-10-31,source_evidence_auto_v2,https://www.saatchigallery.com/contact,ok,venue_own_subtree,reextract 2026-10-07,2026-10-22,automatic refetch before expiry
a45902a5-d1d5-41ca-816d-d0dd7421214d,Saatchi Gallery,familyFacilities.toilets,"""yes""",2026-10-01,2026-10-01,2026-10-31,source_evidence_auto_v2,https://www.saatchigallery.com/contact,ok,venue_own_subtree,reextract 2026-10-07,2026-10-22,automatic refetch before expiry
a95618aa-106c-461f-87f6-214d25704674,Saatchi Gallery,pushchairSuitability,"""mixed""",2026-10-01,2026-10-01,2026-10-31,source_evidence_auto_v2,https://www.saatchigallery.com/visit,ok,venue_own_subtree,reextract 2026-10-07,2026-10-22,automatic refetch before expiry
8bfe77f1-b5a4-4d4a-91ff-a5cb103ac9db,SEA LIFE London Aquarium,accessibility.accessibleToilet,"""yes""",2026-10-01,2026-10-01,2026-10-31,source_evidence_auto_v2,https://www.visitsealife.com/london/plan-your-visit/information/accessibility-guide/,ok,venue_own_subtree,reextract 2026-10-07,2026-10-22,automatic refetch before expiry
36a9aef5-995b-4a6d-8ac7-1ec335e6b15e,SEA LIFE London Aquarium,accessibility.wheelchairAccessible,"""yes""",2026-10-01,2026-10-01,2026-10-31,source_evidence_auto_v2,https://www.visitsealife.com/london/plan-your-visit/information/accessibility-guide/,ok,venue_own_subtree,reextract 2026-10-07,2026-10-22,automatic refetch before expiry
feb44e84-903c-4f7c-9d71-761b3674ed5c,SEA LIFE London Aquarium,familyFacilities.babyChanging,"""yes""",2026-10-01,2026-10-01,2026-10-31,source_evidence_auto_v2,https://www.visitsealife.com/london/plan-your-visit/information/faqs/,ok,venue_own_subtree,reextract 2026-10-07,2026-10-22,automatic refetch before expiry
39244105-bdf1-4897-a9e3-c8cb1308a6ac,SEA LIFE London Aquarium,familyFacilities.toilets,"""yes""",2026-10-01,2026-10-01,2026-10-31,source_evidence_auto_v2,https://www.visitsealife.com/london/plan-your-visit/information/faqs/,ok,venue_own_subtree,reextract 2026-10-07,2026-10-22,automatic refetch before expiry
9625d9e3-2a4e-425d-89d3-a890504bcde5,SEA LIFE London Aquarium,pushchairSuitability,"""excellent""",2026-10-01,2026-10-01,2026-10-31,source_evidence_auto_v2,https://www.visitsealife.com/london/plan-your-visit/information/faqs/,ok,venue_own_subtree,reextract 2026-10-07,2026-10-22,automatic refetch before expiry
61385488-1f9d-4bc3-b124-b422940bb2a1,Stanborough Park Water Sports Centre,accessibility.accessibleToilet,"""yes""",2026-10-01,2026-10-01,2026-10-31,source_evidence_auto_v2,https://www.better.org.uk/leisure-centre/welwyn-hatfield/stanborough-park-water-sports-centre?utm_source=google&utm_medium=organic&utm_campaign=google_my_business,ok,venue_own_subtree,reextract 2026-10-07,2026-10-22,automatic refetch before expiry
a1384a4f-b93f-46f1-af3d-eb57497288d8,Stanborough Park Water Sports Centre,familyFacilities.cafe,"""yes""",2026-10-01,2026-10-01,2026-10-31,source_evidence_auto_v2,https://www.better.org.uk/leisure-centre/welwyn-hatfield/stanborough-park-water-sports-centre?utm_source=google&utm_medium=organic&utm_campaign=google_my_business,ok,venue_own_subtree,reextract 2026-10-07,2026-10-22,automatic refetch before expiry
edffe41a-4f48-400e-b765-606129f78c52,Stanborough Park Water Sports Centre,familyFacilities.parking,"""yes""",2026-10-01,2026-10-01,2026-10-31,source_evidence_auto_v2,https://www.better.org.uk/leisure-centre/welwyn-hatfield/stanborough-park-water-sports-centre?utm_source=google&utm_medium=organic&utm_campaign=google_my_business,ok,venue_own_subtree,reextract 2026-10-07,2026-10-22,automatic refetch before expiry
1bc397c8-bf59-4a52-a826-3ca59984de5e,Stanborough Park Water Sports Centre,familyFacilities.playground,"""yes""",2026-10-01,2026-10-01,2026-10-31,source_evidence_auto_v2,https://www.better.org.uk/leisure-centre/welwyn-hatfield/stanborough-park-water-sports-centre/facilities,ok,venue_own_subtree,reextract 2026-10-07,2026-10-22,automatic refetch before expiry
b5c724b3-3952-4969-b235-502d4b379e87,Stockwood Park,familyFacilities.playground,"""yes""",2026-10-01,2026-10-01,2026-10-31,source_evidence_auto_v2,https://www.luton.gov.uk/leisure-parks-culture/find-park-open-spaces/stockwood-park,ok,venue_named_page,reextract 2026-10-07,2026-10-22,automatic refetch before expiry
51a613ba-8a4d-4fa8-9bc8-922c7368e9c9,Swanley Park,familyFacilities.freeParking,"""no""",2026-10-01,2026-10-01,2026-10-31,source_evidence_auto_v2,https://www.swanleypark.co.uk/parking-charges/,ok,venue_own_subtree,reextract 2026-10-07,2026-10-22,automatic refetch before expiry
2d5c28e7-7cf2-4934-8478-fc4b24a3cdc1,Swanley Park,familyFacilities.playground,"""yes""",2026-10-01,2026-10-01,2026-10-31,source_evidence_auto_v2,https://www.swanleypark.co.uk/,ok,venue_own_subtree,reextract 2026-10-07,2026-10-22,automatic refetch before expiry
24a699e3-1e99-46ac-8f45-b50e8d4e536a,Sydenham Hill Wood,accessibility.accessibleToilet,"""yes""",2026-10-01,2026-10-01,2026-10-31,source_evidence_auto_v2,https://www.wildlondon.org.uk/nature-reserves/sydenham-hill-wood-and-coxs-walk,ok,venue_named_page,reextract 2026-10-07,2026-10-22,automatic refetch before expiry
a2f5c806-335a-4b92-bc73-6cac96b8da31,Sydenham Hill Wood,familyFacilities.freeParking,"""yes""",2026-10-01,2026-10-01,2026-10-31,source_evidence_auto_v2,https://www.wildlondon.org.uk/nature-reserves/sydenham-hill-wood-and-coxs-walk,ok,venue_named_page,reextract 2026-10-07,2026-10-22,automatic refetch before expiry
9e3c24c6-9a3b-408c-b363-863e6e134bca,Sydenham Hill Wood,familyFacilities.parking,"""yes""",2026-10-01,2026-10-01,2026-10-31,source_evidence_auto_v2,https://www.wildlondon.org.uk/nature-reserves/sydenham-hill-wood-and-coxs-walk,ok,venue_named_page,reextract 2026-10-07,2026-10-22,automatic refetch before expiry
d98a7a8d-3295-4c57-b99e-7d8f9e95f6e2,Tate Britain,accessibility.accessibleToilet,"""yes""",2026-10-01,2026-10-01,2026-10-31,source_evidence_auto_v2,https://www.tate.org.uk/visit/tate-britain,ok,venue_own_subtree,reextract 2026-10-07,2026-10-22,automatic refetch before expiry
7e0c3d52-02b1-4e72-b362-20776ecb8d1e,Tate Britain,familyFacilities.babyChanging,"""yes""",2026-10-01,2026-10-01,2026-10-31,source_evidence_auto_v2,https://www.tate.org.uk/visit/tate-britain/visit-tate-britain-family,ok,venue_own_subtree,reextract 2026-10-07,2026-10-22,automatic refetch before expiry
b3f54f3d-d377-4179-b0b0-2f6f0a01ba7c,Tate Britain,familyFacilities.cafe,"""yes""",2026-10-01,2026-10-01,2026-10-31,source_evidence_auto_v2,https://www.tate.org.uk/visit/tate-britain,ok,venue_own_subtree,reextract 2026-10-07,2026-10-22,automatic refetch before expiry
1abad3e4-93cf-43ea-b3d1-7aa69534eb36,Tate Britain,familyFacilities.toilets,"""yes""",2026-10-01,2026-10-01,2026-10-31,source_evidence_auto_v2,https://www.tate.org.uk/visit/tate-britain,ok,venue_own_subtree,reextract 2026-10-07,2026-10-22,automatic refetch before expiry
d3bce2df-c949-4d9d-9f73-6a95ba48e72a,Tate Modern,accessibility.accessibleToilet,"""yes""",2026-10-01,2026-10-01,2026-10-31,source_evidence_auto_v2,https://www.tate.org.uk/visit/tate-modern,ok,venue_own_subtree,reextract 2026-10-07,2026-10-22,automatic refetch before expiry
a19f456a-176f-461b-98bc-06ef3f1f9879,Tate Modern,familyFacilities.babyChanging,"""yes""",2026-10-01,2026-10-01,2026-10-31,source_evidence_auto_v2,https://www.tate.org.uk/visit/tate-modern/visit-tate-modern-family,ok,venue_own_subtree,reextract 2026-10-07,2026-10-22,automatic refetch before expiry
bfbede2d-9deb-4ab0-95c8-02feffa7f1ad,Tate Modern,familyFacilities.parking,"""no""",2026-10-01,2026-10-01,2026-10-31,source_evidence_auto_v2,https://www.tate.org.uk/visit/tate-modern,ok,venue_own_subtree,reextract 2026-10-07,2026-10-22,automatic refetch before expiry
facab607-e44d-4dc7-8861-4d05c34f578e,Tate Modern,familyFacilities.toilets,"""yes""",2026-10-01,2026-10-01,2026-10-31,source_evidence_auto_v2,https://www.tate.org.uk/visit/tate-modern,ok,venue_own_subtree,reextract 2026-10-07,2026-10-22,automatic refetch before expiry
40f538e7-6056-48b1-840f-0c7e6aa33fdf,Tate Modern,pushchairSuitability,"""good""",2026-10-01,2026-10-01,2026-10-31,source_evidence_auto_v2,https://www.tate.org.uk/visit/tate-modern/visit-tate-modern-family,ok,venue_own_subtree,reextract 2026-10-07,2026-10-22,automatic refetch before expiry
38d2e84e-15ad-4e33-ba97-31dc627d5cd7,The Courtauld Gallery,familyFacilities.cafe,"""yes""",2026-10-01,2026-10-01,2026-10-31,source_evidence_auto_v2,https://courtauld.ac.uk/gallery/plan-your-visit/eating-drinking-and-shopping/,ok,venue_own_subtree,reextract 2026-10-07,2026-10-22,automatic refetch before expiry
473442f1-a574-400e-b479-8ba5ad46f655,The Graffiti Tunnel,familyFacilities.parking,"""no""",2026-10-01,2026-10-01,2026-10-31,source_evidence_auto_v2,https://www.leakestreetarches.london/gettinghere,fetched_truncated,venue_own_subtree,reextract 2026-10-07,2026-10-22,automatic refetch before expiry
94b819c6-a944-454a-9e31-4fbe8205f986,The National Gallery,accessibility.accessibleToilet,"""yes""",2026-10-01,2026-10-01,2026-10-31,source_evidence_auto_v2,https://www.nationalgallery.org.uk/visiting/plan-your-visit,ok,venue_own_subtree,reextract 2026-10-07,2026-10-22,automatic refetch before expiry
7d272a4a-6c0c-49a0-be58-b9db1b63e546,The National Gallery,familyFacilities.babyChanging,"""yes""",2026-10-01,2026-10-01,2026-10-31,source_evidence_auto_v2,https://www.nationalgallery.org.uk/visiting/family-activities,ok,venue_own_subtree,reextract 2026-10-07,2026-10-22,automatic refetch before expiry
2f1f2881-a3c9-481f-995b-b1bd9a34d18f,The National Gallery,familyFacilities.cafe,"""yes""",2026-10-01,2026-10-01,2026-10-31,source_evidence_auto_v2,https://www.nationalgallery.org.uk/visiting/plan-your-visit,ok,venue_own_subtree,reextract 2026-10-07,2026-10-22,automatic refetch before expiry
8a9b4907-da1c-40a2-92d7-79681c181b92,The National Gallery,familyFacilities.toilets,"""yes""",2026-10-01,2026-10-01,2026-10-31,source_evidence_auto_v2,https://www.nationalgallery.org.uk/visiting/plan-your-visit,ok,venue_own_subtree,reextract 2026-10-07,2026-10-22,automatic refetch before expiry
d8162015-e3ec-41f3-bee3-9d0e2db62d96,The Wallace Collection,accessibility.accessibleToilet,"""yes""",2026-10-01,2026-10-01,2026-10-31,source_evidence_auto_v2,https://www.wallacecollection.org/visit/family-visits/,ok,venue_own_subtree,reextract 2026-10-07,2026-10-22,automatic refetch before expiry
236ac3e9-b9d7-47e6-a3d6-dcb2ece43407,The Wallace Collection,familyFacilities.babyChanging,"""yes""",2026-10-01,2026-10-01,2026-10-31,source_evidence_auto_v2,https://www.wallacecollection.org/visit/family-visits/,ok,venue_own_subtree,reextract 2026-10-07,2026-10-22,automatic refetch before expiry
9951ea69-62a8-4e55-86cf-4a07611bef2c,The Wallace Collection,familyFacilities.cafe,"""yes""",2026-10-01,2026-10-01,2026-10-31,source_evidence_auto_v2,https://www.wallacecollection.org/visit/visitor-guidance/,ok,venue_own_subtree,reextract 2026-10-07,2026-10-22,automatic refetch before expiry
d2f7d231-c253-41b3-81db-0a7ff03582d4,The Wallace Collection,familyFacilities.parking,"""no""",2026-10-01,2026-10-01,2026-10-31,source_evidence_auto_v2,https://www.wallacecollection.org/visit/visitor-guidance/,ok,venue_own_subtree,reextract 2026-10-07,2026-10-22,automatic refetch before expiry
e8abfcec-efb6-4b5d-83ea-f98cd4ae1b96,The Wallace Collection,familyFacilities.toilets,"""yes""",2026-10-01,2026-10-01,2026-10-31,source_evidence_auto_v2,https://www.wallacecollection.org/visit/family-visits/,ok,venue_own_subtree,reextract 2026-10-07,2026-10-22,automatic refetch before expiry
75d928cd-3c34-4237-9aa8-c54fd8b8ad7f,Thorpe Park,familyFacilities.parking,"""yes""",2026-10-01,2026-10-01,2026-10-31,source_evidence_auto_v2,https://www.thorpepark.com/plan-your-visit/before-you-visit/directions/,ok,venue_own_subtree,reextract 2026-10-07,2026-10-22,automatic refetch before expiry
a31a3fa1-91ad-4c64-825d-a4597992eaba,V&A East Storehouse,accessibility.wheelchairAccessible,"""yes""",2026-10-01,2026-10-01,2026-10-31,source_evidence_auto_v2,https://www.vam.ac.uk/east/storehouse/visit,ok,venue_own_subtree,reextract 2026-10-07,2026-10-22,automatic refetch before expiry
50b01d0b-2884-4959-875d-e817fcc1baaf,V&A East Storehouse,familyFacilities.parking,"""no""",2026-10-01,2026-10-01,2026-10-31,source_evidence_auto_v2,https://www.vam.ac.uk/east/storehouse/visit,ok,venue_own_subtree,reextract 2026-10-07,2026-10-22,automatic refetch before expiry
312aa6a4-9685-46ae-ae78-9a6ef7ad6650,V&A East Storehouse,familyFacilities.toilets,"""yes""",2026-10-01,2026-10-01,2026-10-31,source_evidence_auto_v2,https://www.vam.ac.uk/east/storehouse/visit,ok,venue_own_subtree,reextract 2026-10-07,2026-10-22,automatic refetch before expiry
a339a074-4de3-49cc-aea9-b2a27cef8e54,Victoria and Albert Museum,accessibility.accessibleToilet,"""yes""",2026-10-01,2026-10-01,2026-10-31,source_evidence_auto_v2,https://www.vam.ac.uk/south-kensington/visit,ok,venue_own_subtree,reextract 2026-10-07,2026-10-22,automatic refetch before expiry
5165ca49-5504-4773-8bd0-eb1345f91c7f,Victoria and Albert Museum,accessibility.wheelchairAccessible,"""yes""",2026-10-01,2026-10-01,2026-10-31,source_evidence_auto_v2,https://www.vam.ac.uk/south-kensington/visit,ok,venue_own_subtree,reextract 2026-10-07,2026-10-22,automatic refetch before expiry
871d4a66-efac-4fd2-a834-bab0a18ea7fb,Victoria and Albert Museum,familyFacilities.toilets,"""yes""",2026-10-01,2026-10-01,2026-10-31,source_evidence_auto_v2,https://www.vam.ac.uk/south-kensington/visit,ok,venue_own_subtree,reextract 2026-10-07,2026-10-22,automatic refetch before expiry
a5f08a20-908f-477c-aa32-dca07b42d1b2,Victoria Park,accessibility.accessibleToilet,"""yes""",2026-10-01,2026-10-01,2026-10-31,source_evidence_auto_v2,https://www.towerhamlets.gov.uk/lgnl/leisure_and_culture/parks_and_open_spaces/victoria_park/victoria_park.aspx/accessibility,ok,venue_own_subtree,reextract 2026-10-07,2026-10-22,automatic refetch before expiry
170db3ac-6499-4768-a457-f0f43a6215a2,Victoria Park,familyFacilities.cafe,"""yes""",2026-10-01,2026-10-01,2026-10-31,source_evidence_auto_v2,https://www.towerhamlets.gov.uk/lgnl/leisure_and_culture/parks_and_open_spaces/victoria_park/victoria_park.aspx/accessibility,ok,venue_own_subtree,reextract 2026-10-07,2026-10-22,automatic refetch before expiry
0536d735-d5af-4322-85a1-82646a1dd7a6,Victoria Park,familyFacilities.toilets,"""yes""",2026-10-01,2026-10-01,2026-10-31,source_evidence_auto_v2,https://www.towerhamlets.gov.uk/lgnl/leisure_and_culture/parks_and_open_spaces/victoria_park/victoria_park.aspx/accessibility,ok,venue_own_subtree,reextract 2026-10-07,2026-10-22,automatic refetch before expiry
9ff9446c-7a8b-4eeb-8191-0f171b0e13ee,Warner Bros. Studio Tour London,accessibility.accessibleToilet,"""yes""",2026-10-01,2026-10-01,2026-10-31,source_evidence_auto_v2,https://www.wbstudiotour.co.uk/plan-your-visit/facilities/,ok,venue_own_subtree,reextract 2026-10-07,2026-10-22,automatic refetch before expiry
029d43fa-973e-4a8c-bdf2-0e547a4b2f36,Warner Bros. Studio Tour London,familyFacilities.babyChanging,"""yes""",2026-10-01,2026-10-01,2026-10-31,source_evidence_auto_v2,https://www.wbstudiotour.co.uk/plan-your-visit/facilities/,ok,venue_own_subtree,reextract 2026-10-07,2026-10-22,automatic refetch before expiry
a415cf1d-9e28-4a54-8fc1-9a4e0e51f695,Warner Bros. Studio Tour London,familyFacilities.cafe,"""yes""",2026-10-01,2026-10-01,2026-10-31,source_evidence_auto_v2,https://www.wbstudiotour.co.uk/plan-your-visit/facilities/,ok,venue_own_subtree,reextract 2026-10-07,2026-10-22,automatic refetch before expiry
233b0c7a-3a0d-4bc3-a4be-a0cdc0cc77ce,Warner Bros. Studio Tour London,familyFacilities.freeParking,"""yes""",2026-10-01,2026-10-01,2026-10-31,source_evidence_auto_v2,https://www.wbstudiotour.co.uk/plan-your-visit/getting-here/,ok,venue_own_subtree,reextract 2026-10-07,2026-10-22,automatic refetch before expiry
dcde7c46-bb87-4b8d-b009-881302db43a8,Warner Bros. Studio Tour London,familyFacilities.parking,"""yes""",2026-10-01,2026-10-01,2026-10-31,source_evidence_auto_v2,https://www.wbstudiotour.co.uk/plan-your-visit/getting-here/,ok,venue_own_subtree,reextract 2026-10-07,2026-10-22,automatic refetch before expiry
99a148bd-5f39-41a9-89a2-1f7be3e5c1bd,Warner Bros. Studio Tour London,familyFacilities.toilets,"""yes""",2026-10-01,2026-10-01,2026-10-31,source_evidence_auto_v2,https://www.wbstudiotour.co.uk/plan-your-visit/facilities/,ok,venue_own_subtree,reextract 2026-10-07,2026-10-22,automatic refetch before expiry
7453ecdc-b9d3-49d4-a489-eadd570b5167,Whitechapel Gallery,familyFacilities.babyChanging,"""yes""",2026-10-01,2026-10-01,2026-10-31,source_evidence_auto_v2,https://www.whitechapelgallery.org/visit/,ok,venue_own_subtree,reextract 2026-10-07,2026-10-22,automatic refetch before expiry
1485503b-81f6-47a1-90f0-ca06a476ab0a,Whitechapel Gallery,familyFacilities.cafe,"""yes""",2026-10-01,2026-10-01,2026-10-31,source_evidence_auto_v2,https://www.whitechapelgallery.org/visit/,ok,venue_own_subtree,reextract 2026-10-07,2026-10-22,automatic refetch before expiry
e7f221fa-9e6f-406e-8645-d7557cdc00a9,Whitechapel Gallery,familyFacilities.freeParking,"""no""",2026-10-01,2026-10-01,2026-10-31,source_evidence_auto_v2,https://www.whitechapelgallery.org/visit-2/,ok,venue_own_subtree,reextract 2026-10-07,2026-10-22,automatic refetch before expiry
ee9ae10c-8cba-47bd-afc9-ddf0a6a68904,William Morris Gallery,accessibility.accessibleToilet,"""yes""",2026-10-01,2026-10-01,2026-10-31,source_evidence_auto_v2,https://www.wmgallery.org.uk/?gmb,ok,venue_own_subtree,reextract 2026-10-07,2026-10-22,automatic refetch before expiry
e887da5b-a574-4583-bf6f-f9d4d83704a7,William Morris Gallery,familyFacilities.babyChanging,"""yes""",2026-10-01,2026-10-01,2026-10-31,source_evidence_auto_v2,https://www.wmgallery.org.uk/visit/facilities/,ok,venue_own_subtree,reextract 2026-10-07,2026-10-22,automatic refetch before expiry
7eb641cd-dc87-4f40-a788-4e22d7e14bfc,William Morris Gallery,familyFacilities.cafe,"""yes""",2026-10-01,2026-10-01,2026-10-31,source_evidence_auto_v2,https://www.wmgallery.org.uk/visit/,ok,venue_own_subtree,reextract 2026-10-07,2026-10-22,automatic refetch before expiry
6ec2b2dc-de44-4a89-8d11-5653557fb10e,Woodside Animal Farm,accessibility.accessibleToilet,"""yes""",2026-10-01,2026-10-01,2026-10-31,source_evidence_auto_v2,https://www.woodsidefarm.co.uk/visitor-info/,ok,venue_own_subtree,reextract 2026-10-07,2026-10-22,automatic refetch before expiry
978dfd5f-f7be-48aa-a438-4f9808940d9a,Woodside Animal Farm,accessibility.wheelchairAccessible,"""yes""",2026-10-01,2026-10-01,2026-10-31,source_evidence_auto_v2,https://www.woodsidefarm.co.uk/visitor-info/,ok,venue_own_subtree,reextract 2026-10-07,2026-10-22,automatic refetch before expiry
b94bc3d6-0706-48d3-9e34-57fc91340481,Woodside Animal Farm,familyFacilities.babyChanging,"""yes""",2026-10-01,2026-10-01,2026-10-31,source_evidence_auto_v2,https://www.woodsidefarm.co.uk/visitor-info/,ok,venue_own_subtree,reextract 2026-10-07,2026-10-22,automatic refetch before expiry
28f13a6d-4ff9-4bd9-8741-ae103b8441e5,Woodside Animal Farm,familyFacilities.cafe,"""yes""",2026-10-01,2026-10-01,2026-10-31,source_evidence_auto_v2,https://www.woodsidefarm.co.uk/,ok,venue_own_subtree,reextract 2026-10-07,2026-10-22,automatic refetch before expiry
4e03ac02-e820-4fc4-b6e5-c739571bb6d9,Woodside Animal Farm,familyFacilities.freeParking,"""yes""",2026-10-01,2026-10-01,2026-10-31,source_evidence_auto_v2,https://www.woodsidefarm.co.uk/visitor-info/,ok,venue_own_subtree,reextract 2026-10-07,2026-10-22,automatic refetch before expiry
a5361e6d-52f4-4948-bef0-f99ecda57828,Woodside Animal Farm,familyFacilities.playground,"""yes""",2026-10-01,2026-10-01,2026-10-31,source_evidence_auto_v2,https://www.woodsidefarm.co.uk/visitor-info/,ok,venue_own_subtree,reextract 2026-10-07,2026-10-22,automatic refetch before expiry
44829a8e-8f70-4ad4-b2b3-2a6e58975e16,Woodside Animal Farm,familyFacilities.toilets,"""yes""",2026-10-01,2026-10-01,2026-10-31,source_evidence_auto_v2,https://www.woodsidefarm.co.uk/visitor-info/,ok,venue_own_subtree,reextract 2026-10-07,2026-10-22,automatic refetch before expiry
9ff58b37-3097-4298-820f-7aa89dee0c53,Woodside Animal Farm,pushchairSuitability,"""mixed""",2026-10-01,2026-10-01,2026-10-31,source_evidence_auto_v2,https://www.woodsidefarm.co.uk/visitor-info/,ok,venue_own_subtree,reextract 2026-10-07,2026-10-22,automatic refetch before expiry
2a259f6f-b3ec-4d4d-9f9d-4fc4149c1333,Young V&A,accessibility.accessibleToilet,"""yes""",2026-10-01,2026-10-01,2026-10-31,source_evidence_auto_v2,https://www.vam.ac.uk/young/visit,ok,venue_own_subtree,reextract 2026-10-07,2026-10-22,automatic refetch before expiry
c3fb1577-6882-46b7-842e-6819709964ce,Young V&A,accessibility.wheelchairAccessible,"""yes""",2026-10-01,2026-10-01,2026-10-31,source_evidence_auto_v2,https://www.vam.ac.uk/young/visit,ok,venue_own_subtree,reextract 2026-10-07,2026-10-22,automatic refetch before expiry
1e1bbe98-7297-4a8f-9aff-82e1b334fdad,Young V&A,familyFacilities.babyChanging,"""yes""",2026-10-01,2026-10-01,2026-10-31,source_evidence_auto_v2,https://www.vam.ac.uk/young/visit,ok,venue_own_subtree,reextract 2026-10-07,2026-10-22,automatic refetch before expiry
69a4310e-d607-4a27-bc6c-9fbba34cd98d,Young V&A,familyFacilities.cafe,"""yes""",2026-10-01,2026-10-01,2026-10-31,source_evidence_auto_v2,https://www.vam.ac.uk/young/visit,ok,venue_own_subtree,reextract 2026-10-07,2026-10-22,automatic refetch before expiry
dda38f3c-9cce-4e9a-bce3-9bc97d4726eb,Young V&A,familyFacilities.toilets,"""yes""",2026-10-01,2026-10-01,2026-10-31,source_evidence_auto_v2,https://www.vam.ac.uk/young/visit,ok,venue_own_subtree,reextract 2026-10-07,2026-10-22,automatic refetch before expiry
0dcd8e6d-a6aa-416f-a3de-c3fc84e4369d,Babylon Park London,familyFacilities.parking,"""no""",2026-10-02,2026-10-02,2026-11-01,source_evidence_auto_v2,https://babylonpark.com/london/?utm_source=google&utm_medium=localcard&utm_campaign=309703_lon,ok,venue_own_subtree,reextract 2026-10-07,2026-10-22,automatic refetch before expiry
01dd7977-f778-4bfd-af73-8e9f26307c70,Gunnersbury Park,accessibility.accessibleToilet,"""yes""",2026-10-02,2026-10-02,2026-11-01,source_evidence_auto_v2,https://www.visitgunnersbury.org/plan-your-visit,ok,venue_own_subtree,reextract 2026-10-07,2026-10-22,automatic refetch before expiry
84cb0eb6-0b51-4e30-a71d-71f834c1d1a1,Gunnersbury Park,familyFacilities.cafe,"""yes""",2026-10-02,2026-10-02,2026-11-01,source_evidence_auto_v2,https://www.visitgunnersbury.org/plan-your-visit,ok,venue_own_subtree,reextract 2026-10-07,2026-10-22,automatic refetch before expiry
e04d23fe-b310-4034-821b-bd889b32cc4c,Gunnersbury Park,familyFacilities.parking,"""yes""",2026-10-02,2026-10-02,2026-11-01,source_evidence_auto_v2,https://www.visitgunnersbury.org/museum/accessibility,ok,venue_own_subtree,reextract 2026-10-07,2026-10-22,automatic refetch before expiry
b2ab6b49-0cca-49b2-9244-c1bf08d0ec9e,Gunnersbury Park,familyFacilities.toilets,"""yes""",2026-10-02,2026-10-02,2026-11-01,source_evidence_auto_v2,https://www.visitgunnersbury.org/plan-your-visit,ok,venue_own_subtree,reextract 2026-10-07,2026-10-22,automatic refetch before expiry
04966af0-e79b-4edd-a38c-b9fd24eff6e3,Hobbledown Heath,familyFacilities.parking,"""yes""",2026-10-02,2026-10-02,2026-11-01,source_evidence_auto_v2,https://www.hobbledown.com/hounslow/plan-your-visit/getting-here/,ok,venue_own_subtree,reextract 2026-10-07,2026-10-22,automatic refetch before expiry
295ba194-1dcf-460a-a897-b226f85537c6,Hobbledown Heath,familyFacilities.playground,"""yes""",2026-10-02,2026-10-02,2026-11-01,source_evidence_auto_v2,https://www.hobbledown.com/hounslow,ok,venue_own_subtree,reextract 2026-10-07,2026-10-22,automatic refetch before expiry
ddd8f574-2af0-4433-a1c5-78389a66cafc,Royal Air Force Museum London,accessibility.accessibleToilet,"""yes""",2026-10-02,2026-10-02,2026-11-01,source_evidence_auto_v2,https://www.rafmuseum.org.uk/london/things-to-see-and-do/family-activities/,ok,venue_own_subtree,reextract 2026-10-07,2026-10-22,automatic refetch before expiry
6ad84e5b-c6f4-4cfd-aa3c-c8b0bb44b50e,Royal Air Force Museum London,familyFacilities.babyChanging,"""yes""",2026-10-02,2026-10-02,2026-11-01,source_evidence_auto_v2,https://www.rafmuseum.org.uk/london/plan-your-day/access-and-accessibility/,ok,venue_own_subtree,reextract 2026-10-07,2026-10-22,automatic refetch before expiry
95c719e9-d056-4d29-943f-dc779b43702e,Royal Air Force Museum London,familyFacilities.cafe,"""yes""",2026-10-02,2026-10-02,2026-11-01,source_evidence_auto_v2,https://www.rafmuseum.org.uk/london/,ok,venue_own_subtree,reextract 2026-10-07,2026-10-22,automatic refetch before expiry
6415a2ef-d5f1-46e2-98e2-ef7a3fd7fd18,Royal Air Force Museum London,familyFacilities.freeParking,"""no""",2026-10-02,2026-10-02,2026-11-01,source_evidence_auto_v2,https://www.rafmuseum.org.uk/london/plan-your-day/,ok,venue_own_subtree,reextract 2026-10-07,2026-10-22,automatic refetch before expiry
74ef4f11-576e-48d0-8351-26e5eab828cf,Royal Air Force Museum London,familyFacilities.parking,"""yes""",2026-10-02,2026-10-02,2026-11-01,source_evidence_auto_v2,https://www.rafmuseum.org.uk/london/plan-your-day/getting-here/,ok,venue_own_subtree,reextract 2026-10-07,2026-10-22,automatic refetch before expiry
578db36b-3d00-42ee-b7c5-097aec599412,Royal Air Force Museum London,familyFacilities.playground,"""yes""",2026-10-02,2026-10-02,2026-11-01,source_evidence_auto_v2,https://www.rafmuseum.org.uk/london/things-to-see-and-do/family-activities/,ok,venue_own_subtree,reextract 2026-10-07,2026-10-22,automatic refetch before expiry
e8cdc5db-9eb7-4c51-9746-2cae892001de,Royal Air Force Museum London,familyFacilities.toilets,"""yes""",2026-10-02,2026-10-02,2026-11-01,source_evidence_auto_v2,https://www.rafmuseum.org.uk/london/plan-your-day/access-and-accessibility/,ok,venue_own_subtree,reextract 2026-10-07,2026-10-22,automatic refetch before expiry
934f2de1-f425-441b-a21d-33451c970c01,Royal Air Force Museum London,pushchairSuitability,"""good""",2026-10-02,2026-10-02,2026-11-01,source_evidence_auto_v2,https://www.rafmuseum.org.uk/london/plan-your-day/access-and-accessibility/,ok,venue_own_subtree,reextract 2026-10-07,2026-10-22,automatic refetch before expiry
04055b81-8417-420f-a660-127587180a1c,Byron Park,familyFacilities.playground,"""yes""",2026-10-05,2026-10-05,2026-11-04,source_evidence_auto_v2,https://www.harrow.gov.uk/environment-parks/byron-recreation-ground,ok,venue_own_subtree,reextract 2026-10-07,2026-10-22,automatic refetch before expiry
44ea118f-c1b7-46d9-9412-44595bd0d54b,Fryent Country Park,familyFacilities.parking,"""yes""",2026-10-05,2026-10-05,2026-11-04,source_evidence_auto_v2,https://www.brent.gov.uk/parks-leisure-and-healthy-living/parks-and-open-spaces/park-finder/fryent-country-park,ok,venue_own_subtree,reextract 2026-10-07,2026-10-22,automatic refetch before expiry
08564539-1f10-48cf-8774-14f52342a92d,Highgate Wood,accessibility.accessibleToilet,"""yes""",2026-10-05,2026-10-05,2026-11-04,source_evidence_auto_v2,https://www.cityoflondon.gov.uk/things-to-do/green-spaces/highgate-wood/visit-highgate-wood,fetched_truncated,venue_own_subtree,reextract 2026-10-07,2026-10-22,automatic refetch before expiry
58e900b6-4b49-438d-a3b8-f8b3c8e74c02,Highgate Wood,familyFacilities.cafe,"""yes""",2026-10-05,2026-10-05,2026-11-04,source_evidence_auto_v2,https://www.cityoflondon.gov.uk/things-to-do/green-spaces/highgate-wood/visit-highgate-wood,fetched_truncated,venue_own_subtree,reextract 2026-10-07,2026-10-22,automatic refetch before expiry
9a1be356-3d4c-4cf0-aad4-367d4e81c282,Highgate Wood,familyFacilities.parking,"""no""",2026-10-05,2026-10-05,2026-11-04,source_evidence_auto_v2,https://www.cityoflondon.gov.uk/things-to-do/green-spaces/highgate-wood/visit-highgate-wood,fetched_truncated,venue_own_subtree,reextract 2026-10-07,2026-10-22,automatic refetch before expiry
ef7532ed-793e-4e55-96fd-d9074c0ff7db,Highgate Wood,familyFacilities.playground,"""yes""",2026-10-05,2026-10-05,2026-11-04,source_evidence_auto_v2,https://www.cityoflondon.gov.uk/things-to-do/green-spaces/highgate-wood/visit-highgate-wood,fetched_truncated,venue_own_subtree,reextract 2026-10-07,2026-10-22,automatic refetch before expiry
8277d957-37f8-4b31-bfae-52a01f115947,Highgate Wood,familyFacilities.toilets,"""yes""",2026-10-05,2026-10-05,2026-11-04,source_evidence_auto_v2,https://www.cityoflondon.gov.uk/things-to-do/green-spaces/highgate-wood/visit-highgate-wood,fetched_truncated,venue_own_subtree,reextract 2026-10-07,2026-10-22,automatic refetch before expiry
27b5d6cd-8831-48cb-9d83-76664856ebf7,King Edward VII Park,familyFacilities.playground,"""yes""",2026-10-05,2026-10-05,2026-11-04,source_evidence_auto_v2,https://www.brent.gov.uk/parks-leisure-and-healthy-living/parks-and-open-spaces/park-finder/king-edward-vii-park-wembley,ok,venue_own_subtree,reextract 2026-10-07,2026-10-22,automatic refetch before expiry
a1007dde-c318-46ab-adb1-22b82dbf794e,Northwick Park,familyFacilities.parking,"""yes""",2026-10-05,2026-10-05,2026-11-04,source_evidence_auto_v2,https://www.brent.gov.uk/parks-leisure-and-healthy-living/parks-and-open-spaces/park-finder/northwick-park,ok,venue_own_subtree,reextract 2026-10-07,2026-10-22,automatic refetch before expiry
e0995b32-4653-4d1b-80aa-9dd764b82201,Northwick Park,familyFacilities.playground,"""yes""",2026-10-05,2026-10-05,2026-11-04,source_evidence_auto_v2,https://www.brent.gov.uk/parks-leisure-and-healthy-living/parks-and-open-spaces/park-finder/northwick-park,ok,venue_own_subtree,reextract 2026-10-07,2026-10-22,automatic refetch before expiry
fce44a4d-d538-4bbe-bace-91aca484ead1,South Norwood Country Park,familyFacilities.playground,"""yes""",2026-10-05,2026-10-05,2026-11-04,source_evidence_auto_v2,https://www.croydon.gov.uk/node/3173/south-norwood-country-park,ok,venue_named_page,reextract 2026-10-07,2026-10-22,automatic refetch before expiry
5edb42bb-0e20-4dda-84b8-bdd9a3828efc,Brockwell Park,familyFacilities.playground,"""yes""",2026-10-07,2026-10-07,2026-11-06,source_evidence_auto_v2,https://www.lambeth.gov.uk/parks/brockwell-park,ok,venue_own_subtree,reextract 2026-10-07,2026-10-22,automatic refetch before expiry
d431a1df-4904-470b-bfe6-4a6a6971930e,Headstone Manor and Museum,accessibility.wheelchairAccessible,"""yes""",2026-10-07,2026-10-07,2026-11-06,source_evidence_auto_v2,https://headstonemanor.org/visit/access/,ok,venue_own_subtree,reextract 2026-10-07,2026-10-22,automatic refetch before expiry
75b4c9bd-b930-4482-8571-3bfc238da8d2,Headstone Manor and Museum,familyFacilities.cafe,"""yes""",2026-10-07,2026-10-07,2026-11-06,source_evidence_auto_v2,https://headstonemanor.org/visit/,ok,venue_own_subtree,reextract 2026-10-07,2026-10-22,automatic refetch before expiry
ec7c843d-3919-43c1-94c8-f15a60bcd34a,Headstone Manor and Museum,familyFacilities.freeParking,"""yes""",2026-10-07,2026-10-07,2026-11-06,source_evidence_auto_v2,https://headstonemanor.org/visit/faqs/,ok,venue_own_subtree,reextract 2026-10-07,2026-10-22,automatic refetch before expiry
8d29c451-2b58-478c-8362-6fb397c3d3af,Headstone Manor and Museum,familyFacilities.parking,"""yes""",2026-10-07,2026-10-07,2026-11-06,source_evidence_auto_v2,https://headstonemanor.org/visit/access/,ok,venue_own_subtree,reextract 2026-10-07,2026-10-22,automatic refetch before expiry
4539d8e6-da35-4b88-893b-d9e949fca78c,Roundwood Park,familyFacilities.cafe,"""yes""",2026-10-07,2026-10-07,2026-11-06,source_evidence_auto_v2,https://www.brent.gov.uk/parks-leisure-and-healthy-living/parks-and-open-spaces/park-finder/roundwood-park,ok,venue_own_subtree,refetch_official 2026-10-07,2026-10-22,automatic refetch before expiry
d1845d3c-4497-4915-8212-15323409e7a0,Roundwood Park,familyFacilities.playground,"""yes""",2026-10-07,2026-10-07,2026-11-06,source_evidence_auto_v2,https://www.brent.gov.uk/parks-leisure-and-healthy-living/parks-and-open-spaces/park-finder/roundwood-park,ok,venue_own_subtree,refetch_official 2026-10-07,2026-10-22,automatic refetch before expiry
a7a9a4e4-bbac-4f11-89a8-101121bc32a5,Roundwood Park,familyFacilities.toilets,"""yes""",2026-10-07,2026-10-07,2026-11-06,source_evidence_auto_v2,https://www.brent.gov.uk/parks-leisure-and-healthy-living/parks-and-open-spaces/park-finder/roundwood-park,ok,venue_own_subtree,refetch_official 2026-10-07,2026-10-22,automatic refetch before expiry
91cc529c-075a-4cb8-9cd1-d7509cfaf856,Headstone Manor and Museum,energyLevel,"""unknown""",,2026-08-11,2026-11-09,enrichment-editor,,,,reextract 2026-10-07,2026-10-22,human re-check (editor claim; no page to re-read)
9e0d49f6-9054-4c0a-80f1-1fe1fcfd73ef,Headstone Manor and Museum,environment,"""unknown""",,2026-08-11,2026-11-09,enrichment-editor,,,,reextract 2026-10-07,2026-10-22,human re-check (editor claim; no page to re-read)
4a3963d1-5296-4da9-bd8b-b71a488cabc9,Headstone Manor and Museum,extendedTerrain,"""unknown""",,2026-08-11,2026-11-09,enrichment-editor,,,,reextract 2026-10-07,2026-10-22,human re-check (editor claim; no page to re-read)
201d7193-3a0b-43c9-9787-66a12c30ddf7,Belmont Children's Farm,environment,"""mixed""",2026-10-01,2026-10-01,2026-12-30,source_evidence_auto_v2,https://www.belmontfarm.co.uk/,ok,venue_own_subtree,reextract 2026-10-07,2026-10-22,automatic refetch before expiry
0430c037-9b06-4446-a613-6a7182e4cd17,Burgess Park,environment,"""outdoor""",2026-10-01,2026-10-01,2026-12-30,source_evidence_auto_v2,https://www.southwark.gov.uk/culture-and-sport/parks-and-open-spaces/find-park/burgess-park,ok,venue_named_page,reextract 2026-10-07,2026-10-22,automatic refetch before expiry
e96b04e6-ca08-4830-b4f2-3010fdafc334,Colne Valley Regional Park,environment,"""outdoor""",2026-10-01,2026-10-01,2026-12-30,source_evidence_auto_v2,https://www.colnevalleypark.org.uk/visit-colne-valley/,ok,venue_own_subtree,reextract 2026-10-07,2026-10-22,automatic refetch before expiry
09d72f2d-b1ee-4cab-b462-5f009d58681f,Flip Out Brent Cross,environment,"""indoor""",2026-10-01,2026-10-01,2026-12-30,source_evidence_auto_v2,https://www.flipout.co.uk/locations/brent-cross,ok,venue_own_subtree,reextract 2026-10-07,2026-10-22,automatic refetch before expiry
0810d314-2a88-40a1-bd59-caf3a0148361,Flip Out Canary Wharf,environment,"""indoor""",2026-10-01,2026-10-01,2026-12-30,source_evidence_auto_v2,https://www.flipout.co.uk/locations/canary-wharf,ok,venue_own_subtree,reextract 2026-10-07,2026-10-22,automatic refetch before expiry
c4188409-bcfd-4247-a074-ddaecb037208,Flip Out Watford,environment,"""indoor""",2026-10-01,2026-10-01,2026-12-30,source_evidence_auto_v2,https://www.flipout.co.uk/locations/watford,ok,venue_own_subtree,reextract 2026-10-07,2026-10-22,automatic refetch before expiry
2f459489-c973-4226-a32a-a87c82d613b0,SEA LIFE London Aquarium,environment,"""indoor""",2026-10-01,2026-10-01,2026-12-30,source_evidence_auto_v2,https://www.visitsealife.com/london/plan-your-visit/,ok,venue_own_subtree,reextract 2026-10-07,2026-10-22,automatic refetch before expiry
310bc9ce-eca6-42d9-b652-b7b238698ad0,Babylon Park London,environment,"""indoor""",2026-10-02,2026-10-02,2026-12-31,source_evidence_auto_v2,https://babylonpark.com/london/?utm_source=google&utm_medium=localcard&utm_campaign=309703_lon,ok,venue_own_subtree,reextract 2026-10-07,2026-10-22,automatic refetch before expiry
0a5e1df0-fe86-42a0-92c2-b53a37f24e63,Hobbledown Heath,environment,"""outdoor""",2026-10-02,2026-10-02,2026-12-31,source_evidence_auto_v2,https://www.hobbledown.com/hounslow,ok,venue_own_subtree,reextract 2026-10-07,2026-10-22,automatic refetch before expiry
